symbol,open,close,high,low,quote_volume,taker_buy_base_volume,taker_buy_quote_volume,trades,open_time
ZILUSDT,0.00406,0.00407,0.00407,0.00406,6951.79853,1382705.0,5627.60935,59,1769999760000
THETAUSDT,0.2165,0.2171,0.2174,0.2165,14759.32686,38045.1,8258.68555,142,1769999760000
ENJUSDT,0.02386,0.0239,0.02394,0.02386,5788.27855,211832.0,5067.66207,105,1769999760000
OGNUSDT,0.0238,0.0239,0.0239,0.0238,6339.0363,234436.0,5580.6731,52,1769999760000
DUSKUSDT,0.0998,0.10015,0.10032,0.0998,45745.50125,338877.0,33922.39625,792,1769999760000
NKNUSDT,0.01006,0.01006,0.01007,0.01005,1788.85687,98985.0,996.75133,19,1769999760000
APEUSDT,0.1457,0.146,0.1463,0.1457,9428.0925,47486.0,6937.7293,142,1769999760000
DOTUSDT,1.51,1.515,1.517,1.51,162031.1431,49045.3,74322.2579,454,1769999760000
GMTUSDT,0.01364,0.01366,0.01369,0.01363,13455.17222,537528.0,7345.71253,142,1769999760000
ATAUSDT,0.0141,0.0141,0.0141,0.014,44.0905,1725.0,24.3225,4,1769999760000
ONEUSDT,0.00287,0.00288,0.00288,0.00287,4954.36344,852771.0,2450.78971,33,1769999760000
GALAUSDT,0.00474,0.00476,0.00476,0.00474,37794.37947,7153273.0,34010.56614,147,1769999760000
ADAUSDT,0.2878,0.2885,0.2888,0.2878,343809.4666,759659.0,219107.8815,1024,1769999760000
AVAXUSDT,9.942,9.955,9.976,9.942,489822.39,18275.0,182071.341,1413,1769999760000
ARPAUSDT,0.01131,0.01134,0.01135,0.01131,2371.45665,166152.0,1882.59098,54,1769999760000
STORJUSDT,0.1076,0.1077,0.108,0.1076,5516.6791,40126.0,4330.1006,51,1769999760000
BCHUSDT,514.56,515.4,515.74,514.56,243505.34743,267.572,137881.90813,1215,1769999760000
ZECUSDT,307.28,308.46,308.69,307.27,372796.34686,708.095,218277.13897,2690,1769999760000
CHZUSDT,0.04615,0.04613,0.04628,0.04613,35396.09482,402915.0,18618.81845,373,1769999760000
MASKUSDT,0.5226,0.5241,0.5249,0.5226,15455.0407,16277.0,8531.7943,205,1769999760000
PEOPLEUSDT,0.00751,0.00753,0.00754,0.00751,2678.83791,297030.0,2236.96132,41,1769999760000
LPTUSDT,2.547,2.553,2.557,2.546,6574.1814,2077.1,5303.8096,142,1769999760000
COTIUSDT,0.01426,0.01429,0.0143,0.01426,1979.08076,81153.0,1159.45729,49,1769999760000
LTCUSDT,58.87,58.97,59.05,58.87,254566.45605,3301.319,194682.32274,690,1769999760000
DOGEUSDT,0.10374,0.10398,0.10418,0.10374,1107437.8232,4605868.0,479019.96636,3277,1769999760000
IOTXUSDT,0.00638,0.00639,0.00639,0.00637,2351.69228,228020.0,1456.2625,67,1769999760000
BNBUSDT,759.74,761.31,761.73,759.74,862870.6794,598.45,455452.3574,2492,1769999760000
KAVAUSDT,0.0626,0.0627,0.0628,0.0626,7479.19004,101658.5,6379.90771,70,1769999760000
XRPUSDT,1.5902,1.5925,1.595,1.5902,1785470.22211,545001.9,868180.77127,3253,1769999760000
MANAUSDT,0.1124,0.1126,0.1128,0.1124,21114.0429,156161.0,17601.4407,120,1769999760000
FILUSDT,1.042,1.045,1.047,1.042,119300.5731,75268.7,78681.8189,322,1769999760000
SNXUSDT,0.333,0.334,0.335,0.333,26282.1027,49481.3,16527.3212,93,1769999760000
DASHUSDT,43.97,44.07,44.14,43.95,82161.3431,975.349,42994.33533,725,1769999760000
1000XECUSDT,0.00884,0.00885,0.00886,0.00884,2278.60594,185351.0,1641.76286,23,1769999760000
CELRUSDT,0.00289,0.00289,0.0029,0.00289,3098.94904,638669.0,1852.1401,26,1769999760000
XLMUSDT,0.17568,0.17601,0.17625,0.17568,56904.51409,263509.0,46397.24185,592,1769999760000
C98USDT,0.0193,0.0194,0.0195,0.0193,22257.7552,930605.0,18058.7641,93,1769999760000
IMXUSDT,0.1808,0.1812,0.1815,0.1808,13455.0739,39576.0,7171.4911,149,1769999760000
LRCUSDT,0.04049,0.04062,0.04067,0.04049,6706.26133,127426.0,5175.4317,91,1769999760000
TRBUSDT,16.033,16.066,16.091,16.033,21332.6275,1092.9,17558.302,683,1769999760000
RLCUSDT,0.5004,0.5016,0.5025,0.5004,1935.8583,3453.1,1733.30518,43,1769999760000
DENTUSDT,0.00016,0.000159,0.00016,0.000159,730.613459,3363677.0,538.18832,17,1769999760000
TRXUSDT,0.28344,0.28345,0.28353,0.28344,25273.82968,57685.0,16351.55708,191,1769999760000
ZENUSDT,7.073,7.096,7.103,7.073,29600.4169,3450.4,24475.2078,440,1769999760000
CRVUSDT,0.276,0.276,0.277,0.275,44039.0478,133880.3,36955.1124,194,1769999760000
ICXUSDT,0.0444,0.0445,0.0446,0.0444,7703.5791,126777.0,5641.5899,29,1769999760000
HBARUSDT,0.08894,0.0891,0.08929,0.08894,131771.07724,1047059.0,93398.67181,862,1769999760000
RSRUSDT,0.001797,0.001801,0.001803,0.001797,6223.215231,2966293.0,5344.067857,84,1769999760000
ALICEUSDT,0.132,0.131,0.132,0.131,19216.8547,88561.5,11690.118,55,1769999760000
1INCHUSDT,0.1155,0.1155,0.1157,0.1153,18492.509,107624.0,12438.6954,138,1769999760000
ETCUSDT,9.588,9.604,9.617,9.588,48030.68478,2671.68,25664.0768,433,1769999760000
NEARUSDT,1.186,1.188,1.19,1.186,91403.554,57713.0,68554.707,301,1769999760000
ATOMUSDT,1.928,1.93,1.933,1.928,25062.92702,10723.29,20706.92211,186,1769999760000
ALGOUSDT,0.1016,0.1017,0.1019,0.1016,33713.6105,248437.8,25289.03583,162,1769999760000
FLOWUSDT,0.05618,0.05638,0.05641,0.05618,6560.931168,93064.4,5241.803497,232,1769999760000
ZRXUSDT,0.108,0.1083,0.1084,0.108,7473.76244,58387.9,6321.18333,95,1769999760000
YFIUSDT,2790.0,2796.0,2801.0,2790.0,7510.69,2.105,5885.457,78,1769999760000
NEOUSDT,3.23,3.238,3.245,3.23,10850.93558,1826.21,5915.12485,234,1769999760000
LINKUSDT,9.448,9.474,9.489,9.448,306425.98763,20507.76,194378.28947,1166,1769999760000
CTSIUSDT,0.0276,0.0276,0.0277,0.0276,1796.4249,54204.0,1496.2473,24,1769999760000
COMPUSDT,19.49,19.53,19.55,19.49,16083.60006,525.295,10257.88498,130,1769999760000
KNCUSDT,0.1733,0.1736,0.174,0.1733,2240.4176,7662.0,1331.7704,48,1769999760000
ROSEUSDT,0.01757,0.01762,0.01767,0.01757,35108.08382,1197179.0,21109.30371,336,1769999760000
CELOUSDT,0.094,0.093,0.094,0.093,108.5743,657.1,61.7674,7,1769999760000
VETUSDT,0.008249,0.008267,0.008276,0.008248,19685.254203,1843232.0,15239.907485,332,1769999760000
IOSTUSDT,0.001376,0.001379,0.00138,0.001376,1973.235714,1425186.0,1962.844872,35,1769999760000
RVNUSDT,0.00612,0.00613,0.00614,0.00612,3731.63947,328193.0,2009.43381,35,1769999760000
AXSUSDT,1.703,1.707,1.712,1.703,90010.771,28185.0,48138.887,598,1769999760000
SKLUSDT,0.00775,0.00776,0.00778,0.00774,9267.52833,444873.0,3455.48523,82,1769999760000
SUSHIUSDT,0.2383,0.2389,0.2392,0.2383,4260.0012,14364.0,3432.5257,82,1769999760000
HOTUSDT,0.000409,0.000409,0.000409,0.000408,1835.27074,3171321.0,1297.070289,25,1769999760000
JASMYUSDT,0.005847,0.005863,0.005869,0.005847,7800.609038,988058.0,5792.43502,250,1769999760000
WOOUSDT,0.01936,0.01941,0.01944,0.01936,5093.01804,169496.0,3292.10272,81,1769999760000
OPUSDT,0.2305,0.2309,0.2313,0.2305,61838.82647,160009.8,36974.748,327,1769999760000
GLMUSDT,0.2105,0.21107,0.21109,0.2105,5604.92169,23605.0,4978.62645,237,1769999760000
EGLDUSDT,4.69,4.7,4.705,4.69,4601.133,573.7,2696.6037,123,1769999760000
INJUSDT,3.584,3.59,3.597,3.584,40683.5059,6932.3,24912.976,320,1769999760000
STGUSDT,0.1518,0.1522,0.1525,0.1518,18775.7786,60496.0,9208.7264,243,1769999760000
XTZUSDT,0.463,0.464,0.464,0.463,11539.8017,19465.3,9026.7313,49,1769999760000
QTUMUSDT,1.074,1.076,1.078,1.074,2028.8743,1355.1,1458.3586,39,1769999760000
SPELLUSDT,0.0002098,0.0002102,0.0002104,0.0002098,1875.6032553,7328213.0,1540.1655179,37,1769999760000
LUNA2USDT,0.0659,0.06602,0.06616,0.0659,11610.44475,108252.0,7151.3758,191,1769999760000
1000LUNCUSDT,0.03658,0.03666,0.0367,0.03658,9505.14703,209554.0,7682.82294,175,1769999760000
LDOUSDT,0.4122,0.4132,0.4139,0.4122,30560.9301,45625.0,18861.6416,327,1769999760000
IOTAUSDT,0.0714,0.0715,0.0716,0.0714,8290.94946,107189.9,7669.42805,60,1769999760000
ONTUSDT,0.0507,0.0508,0.0509,0.0507,11702.63503,190926.3,9691.55335,66,1769999760000
UNIUSDT,3.89,3.898,3.905,3.89,99691.896,17611.0,68672.713,538,1769999760000
GRTUSDT,0.02976,0.02984,0.02988,0.02976,14057.49327,354765.0,10591.81744,161,1769999760000
ICPUSDT,2.648,2.653,2.658,2.648,51272.263,14733.0,39095.507,326,1769999760000
APTUSDT,1.2451,1.2483,1.2498,1.2451,64835.97844,38268.8,47770.37918,753,1769999760000
WUSDT,0.02318,0.02323,0.02328,0.02318,13356.270868,479073.6,11133.906684,148,1769999760000
QNTUSDT,67.79,67.84,67.92,67.79,3549.269,30.8,2090.106,134,1769999760000
BTCDOMUSDT,5049.6,5046.4,5049.6,5041.2,13074.2285,2.052,10349.7598,98,1769999760000
ANKRUSDT,0.005012,0.005019,0.005027,0.005012,2932.29775,506274.0,2543.045705,60,1769999760000
AAVEUSDT,125.33,125.56,125.81,125.33,222154.256,1084.9,136300.152,1046,1769999760000
1000SHIBUSDT,0.006708,0.006718,0.00673,0.006708,199735.226702,20364723.0,136878.269459,655,1769999760000
GTCUSDT,0.105,0.106,0.106,0.105,1033.9206,2064.6,218.8476,22,1769999760000
BELUSDT,0.111,0.1112,0.1114,0.111,945.7747,6307.0,701.9881,18,1769999760000
SOLUSDT,101.17,101.3,101.56,101.17,4489037.2143,24656.1,2499875.019,4516,1769999760000
RUNEUSDT,0.464,0.465,0.4656,0.464,8763.5791,11301.0,5255.2513,153,1769999760000
SANDUSDT,0.09981,0.10013,0.10025,0.09981,41783.88837,323651.0,32407.38056,625,1769999760000
FETUSDT,0.1818,0.1821,0.1825,0.1818,49245.2816,165841.0,30224.2484,279,1769999760000
SFPUSDT,0.2931,0.2938,0.2946,0.2931,3501.1397,11404.0,3349.6583,67,1769999760000
ENSUSDT,6.836,6.854,6.863,6.836,14011.0232,1318.5,9040.0614,283,1769999760000
ETHUSDT,2268.58,2274.81,2279.41,2268.45,42913823.07843,13536.738,30797670.14229,30290,1769999760000
HOOKUSDT,0.03002,0.03011,0.03012,0.03001,1097.683535,24103.8,725.173223,38,1769999760000
BTCUSDT,76739.0,76819.6,76874.5,76724.0,31897882.4585,237.896,18272686.1554,12457,1769999760000
API3USDT,0.3304,0.3314,0.3319,0.3304,2838.25389,6483.7,2149.37693,86,1769999760000
DYDXUSDT,0.132,0.131,0.132,0.131,590.3154,592.7,78.2364,25,1769999760000
HIGHUSDT,0.1652,0.1654,0.1658,0.1652,583.32842,3124.7,517.12649,22,1769999760000
NOTUSDT,0.0004512,0.0004521,0.0004535,0.0004512,8954.7274621,12740082.0,5768.7599388,117,1769999760000
MEWUSDT,0.000699,0.000701,0.000702,0.000699,6744.750281,5974534.0,4187.544311,78,1769999760000
MAGICUSDT,0.0684,0.0686,0.0686,0.0684,2387.35868,27237.7,1868.17872,24,1769999760000
TUSDT,0.00759,0.00761,0.00761,0.00759,7123.38766,658484.0,5007.99219,32,1769999760000
CFXUSDT,0.05536,0.05553,0.05559,0.05536,9207.75768,118697.0,6590.94357,211,1769999760000
MINAUSDT,0.071,0.0711,0.0713,0.071,22470.0667,227411.0,16199.5687,135,1769999760000
BANDUSDT,0.2451,0.246,0.2462,0.2451,5926.63562,14272.8,3509.64635,126,1769999760000
MTLUSDT,0.3053,0.3057,0.3063,0.3053,2686.4683,4866.0,1489.9916,54,1769999760000
KSMUSDT,5.401,5.414,5.424,5.401,6362.7076,701.4,3798.6814,176,1769999760000
PHBUSDT,0.1787,0.1794,0.1795,0.1787,1314.0488,5905.0,1057.8131,41,1769999760000
ASTRUSDT,0.008324,0.008354,0.008354,0.008324,5990.307678,430654.0,3593.025619,213,1769999760000
LQTYUSDT,0.3148,0.3158,0.3163,0.3148,1963.8676,4216.5,1332.1847,59,1769999760000
TLMUSDT,0.001867,0.00187,0.001874,0.001867,3410.144133,1407688.0,2635.52156,52,1769999760000
GMXUSDT,6.106,6.123,6.133,6.105,4209.38238,509.56,3119.68548,80,1769999760000
RDNTUSDT,0.00716,0.00717,0.00719,0.00716,453.27523,48379.0,347.13694,25,1769999760000
STXUSDT,0.2588,0.2596,0.2598,0.2588,7958.8476,22591.0,5861.5007,151,1769999760000
ACHUSDT,0.008044,0.008061,0.00808,0.008044,10382.206038,885538.0,7147.492056,262,1769999760000
CKBUSDT,0.001981,0.001985,0.001989,0.001981,2329.241941,1053015.0,2092.493109,40,1769999760000
SSVUSDT,3.848,3.859,3.866,3.848,6730.44542,1659.32,6406.56932,121,1769999760000
HFTUSDT,0.02087,0.02091,0.02093,0.02087,4563.05509,145047.0,3031.39599,110,1769999760000
TRUUSDT,0.00701,0.00702,0.00702,0.007,2494.55546,229674.0,1612.11059,26,1769999760000
ARBUSDT,0.1357,0.136,0.1363,0.1357,65745.33197,304962.5,41498.88498,262,1769999760000
IDUSDT,0.05514,0.05528,0.05532,0.05514,4232.00159,62830.0,3472.19677,125,1769999760000
JOEUSDT,0.04276,0.04282,0.04289,0.04276,463.51388,7776.0,333.1932,28,1769999760000
XVSUSDT,3.496,3.5,3.503,3.496,3376.3571,821.3,2873.4112,93,1769999760000
POLUSDT,0.10376,0.10396,0.10407,0.10376,36233.18384,244798.0,25442.33973,535,1769999760000
ETHBTC,0.029567,0.029594,0.029639,0.029567,3.15147183,37.24,1.10308229,63,1769999760000
BLURUSDT,0.02241,0.02246,0.0225,0.02241,8845.18409,339542.0,7632.74571,117,1769999760000
SUIUSDT,1.1099,1.1127,1.1145,1.1099,301686.51344,182496.4,203071.7181,1499,1769999760000
EDUUSDT,0.1559,0.1564,0.1565,0.1559,3594.7899,13491.0,2108.013,63,1769999760000
1000PEPEUSDT,0.0041606,0.0041706,0.0041786,0.0041606,545365.4702632,76522223.0,319331.1020493,3187,1769999760000
1000FLOKIUSDT,0.03421,0.03428,0.03433,0.03421,25090.22292,541419.0,18572.62484,212,1769999760000
COSUSDT,0.001108,0.001106,0.001108,0.001106,877.345157,526802.0,583.664276,19,1769999760000
UMAUSDT,0.5643,0.5655,0.5665,0.5643,1686.1903,2684.0,1518.229,41,1769999760000
NMRUSDT,8.777,8.81,8.812,8.777,4110.7916,375.6,3307.1086,160,1769999760000
MAVUSDT,0.01985,0.0199,0.01993,0.01985,2114.94276,76109.0,1514.54538,38,1769999760000
XVGUSDT,0.005487,0.005504,0.00551,0.005487,3200.341879,482760.0,2655.176584,122,1769999760000
ARUSDT,2.49,2.495,2.503,2.49,15044.4074,4845.4,12110.8183,197,1769999760000
WLDUSDT,0.3987,0.3997,0.4002,0.3987,76859.2388,121833.0,48686.6904,589,1769999760000
XMRUSDT,405.64,406.23,406.75,405.39,67594.41401,75.221,30557.86684,1171,1769999760000
PENDLEUSDT,1.5781,1.5835,1.5849,1.5781,33310.9357,13437.0,21274.4973,690,1769999760000
YGGUSDT,0.04638,0.04649,0.0466,0.04638,4612.44285,79388.0,3694.38265,142,1769999760000
MOODENGUSDT,0.054,0.0541,0.05418,0.054,14354.97173,224078.0,12126.35959,236,1769999760000
AGLDUSDT,0.2372,0.2377,0.2381,0.2372,4360.8834,9748.0,2317.4296,82,1769999760000
ARKMUSDT,0.1305,0.1308,0.131,0.1305,23950.3519,141131.0,18475.3492,155,1769999760000
BNTUSDT,0.3222,0.323,0.3236,0.3222,2934.2931,7014.0,2267.9389,42,1769999760000
DODOXUSDT,0.017055,0.017056,0.017117,0.017042,4485.996742,120965.0,2067.709321,70,1769999760000
OXTUSDT,0.01906,0.01907,0.0191,0.01906,1900.93366,61152.0,1167.31227,32,1769999760000
SEIUSDT,0.0857,0.0859,0.086,0.0857,38226.9447,254768.0,21875.916,163,1769999760000
CYBERUSDT,0.5701,0.5713,0.5722,0.5701,4627.09877,6354.8,3630.41295,151,1769999760000
BICOUSDT,0.02981,0.0299,0.02993,0.02981,1673.99803,52130.0,1558.64916,48,1769999760000
ARKUSDT,0.2172,0.2176,0.2177,0.2172,12797.9104,18970.0,4125.767,121,1769999760000
BIGTIMEUSDT,0.01737,0.01738,0.01742,0.01737,1759.25736,83471.0,1452.14706,31,1769999760000
WAXPUSDT,0.007166,0.007176,0.007193,0.007166,738.97503,94094.0,676.042369,33,1769999760000
RIFUSDT,0.03844,0.03851,0.03857,0.03844,1915.34107,30040.0,1157.60404,35,1769999760000
BSVUSDT,15.32,15.34,15.36,15.32,3556.889,222.6,3412.603,23,1769999760000
POLYXUSDT,0.0475,0.04762,0.04768,0.0475,6520.49016,111561.0,5311.19429,88,1769999760000
TIAUSDT,0.3646,0.3656,0.3664,0.3646,62609.2141,135971.0,49737.7839,478,1769999760000
MORPHOUSDT,1.1183,1.1215,1.123,1.1181,10924.90493,8495.0,9527.27485,365,1769999760000
GASUSDT,1.948,1.944,1.953,1.939,142646.7434,36157.1,70398.26,754,1769999760000
AEROUSDT,0.3839,0.3851,0.3851,0.3839,17003.0855,25320.9,9737.91154,268,1769999760000
CAKEUSDT,1.5195,1.523,1.5241,1.5195,8923.7741,4550.0,6928.0189,336,1769999760000
POWRUSDT,0.07177,0.07193,0.07203,0.07177,1198.2472,13610.0,978.77745,38,1769999760000
ORCAUSDT,0.878,0.88,0.881,0.878,5849.0297,6128.2,5386.8102,53,1769999760000
MEMEUSDT,0.000827,0.000829,0.000829,0.000827,21681.556765,17934666.0,14855.755482,127,1769999760000
STEEMUSDT,0.05628,0.0563,0.05643,0.05628,1723.78131,17382.0,979.71913,47,1769999760000
TWTUSDT,0.6676,0.6691,0.6697,0.6676,5959.7733,7925.0,5302.498,163,1769999760000
NTRNUSDT,0.01505,0.0151,0.01511,0.01505,1534.74932,76266.0,1151.15492,30,1769999760000
ILVUSDT,4.274,4.29,4.29,4.274,5676.0499,1237.1,5303.1767,50,1769999760000
KASUSDT,0.03082,0.03082,0.03089,0.03079,27969.79951,505664.0,15594.92561,253,1769999760000
RAYSOLUSDT,0.7108,0.7107,0.7128,0.71,17921.15516,13854.5,9862.47052,216,1769999760000
ORDIUSDT,3.101,3.112,3.115,3.101,28328.9161,7512.6,23379.9949,392,1769999760000
USTCUSDT,0.005608,0.005618,0.005626,0.005608,2222.745852,354543.0,1992.388797,72,1769999760000
USUALUSDT,0.01864,0.01867,0.01871,0.01863,814.06413,40501.0,756.65011,27,1769999760000
ETHWUSDT,0.3913,0.392,0.3928,0.3913,926.6316,1946.0,763.3609,17,1769999760000
ONGUSDT,0.07148,0.07164,0.0717,0.07148,1963.0939,20478.0,1466.38161,93,1769999760000
PYTHUSDT,0.05121,0.05134,0.05142,0.05121,12076.26735,191748.0,9850.69443,198,1769999760000
SUPERUSDT,0.1482,0.1485,0.1487,0.1482,7397.4808,47047.0,6990.218,92,1769999760000
BEAMXUSDT,0.002602,0.002605,0.002612,0.002602,3776.882275,923740.0,2409.858694,112,1769999760000
1000BONKUSDT,0.007064,0.007082,0.007091,0.007064,35684.049471,3454217.0,24467.841454,425,1769999760000
JTOUSDT,0.2811,0.2817,0.2823,0.281,22607.6711,46572.0,13121.6687,290,1769999760000
KMNOUSDT,0.03407,0.03415,0.0342,0.03406,3424.83726,87530.0,2990.89025,74,1769999760000
1000SATSUSDT,1.25e-05,1.25e-05,1.26e-05,1.25e-05,16262.0384521,658959641.0,8302.8914766,101,1769999760000
1000RATSUSDT,0.06458,0.06462,0.06463,0.06455,2537.93269,36417.0,2352.03206,42,1769999760000
AUCTIONUSDT,4.426,4.438,4.443,4.426,9374.73372,1518.8,6741.97061,271,1769999760000
WIFUSDT,0.2494,0.2501,0.2506,0.2494,144412.73278,417582.8,104517.24707,554,1769999760000
ACEUSDT,0.2032,0.2036,0.204,0.2032,1132.892567,5303.35,1080.12982,36,1769999760000
NFPUSDT,0.01928,0.01932,0.01935,0.01928,3113.643665,102781.2,1986.309818,75,1769999760000
MOVRUSDT,1.824,1.827,1.832,1.824,1993.96323,948.24,1734.29903,37,1769999760000
LSKUSDT,0.1479,0.1482,0.1482,0.1478,6799.2266,37626.0,5572.5181,59,1769999760000
XAIUSDT,0.01183,0.01185,0.01188,0.01183,2736.44409,152595.0,1811.57361,64,1769999760000
RONINUSDT,0.107,0.107,0.1073,0.107,2121.54999,19165.7,2053.6633,33,1769999760000
OMUSDT,0.05033,0.05048,0.05052,0.05033,20515.212142,299036.8,15080.992636,245,1769999760000
MANTAUSDT,0.07297,0.07311,0.0732,0.07297,7325.231144,64296.0,4701.19846,132,1769999760000
DYMUSDT,0.04673,0.04685,0.04689,0.04673,1584.865944,23877.7,1118.514558,60,1769999760000
AIUSDT,0.02676,0.02685,0.02689,0.02676,2213.97146,71009.0,1907.22425,46,1769999760000
ONDOUSDT,0.2766,0.2771,0.2776,0.2765,53675.74258,153323.6,42527.83034,292,1769999760000
ALTUSDT,0.00933,0.00936,0.00937,0.00933,9495.26871,986537.0,9232.33704,68,1769999760000
JUPUSDT,0.1806,0.1808,0.1813,0.1805,39044.2553,71141.0,12877.8678,258,1769999760000
ZETAUSDT,0.05996,0.06001,0.06006,0.05996,2823.36607,31054.0,1863.85042,35,1769999760000
PORTALUSDT,0.01667,0.01668,0.01672,0.01667,1183.848096,64166.3,1072.685447,17,1769999760000
PIPPINUSDT,0.178,0.17846,0.17893,0.17799,53517.11257,190314.0,33975.20263,1617,1769999760000
TONUSDT,1.3426,1.3441,1.3455,1.3426,36530.05352,19639.8,26400.59085,407,1769999760000
AXLUSDT,0.0618,0.062,0.0621,0.0618,12704.19754,164866.1,10220.46261,125,1769999760000
STRKUSDT,0.0551,0.0554,0.0554,0.0551,26895.33269,350706.1,19378.71264,138,1769999760000
PIXELUSDT,0.00633,0.00636,0.00636,0.00633,3092.04502,334344.0,2122.86007,31,1769999760000
AEVOUSDT,0.02815,0.02824,0.02826,0.02815,1754.175999,61026.2,1723.329572,37,1769999760000
VANRYUSDT,0.006433,0.006443,0.006454,0.006433,1850.012993,166835.0,1075.182696,96,1769999760000
ANIMEUSDT,0.005884,0.005879,0.005894,0.005869,34333.71371,2461221.0,14497.425756,478,1769999760000
ETHFIUSDT,0.4891,0.4904,0.4912,0.4891,23534.25425,30467.1,14949.58058,353,1769999760000
BERAUSDT,0.4512,0.4521,0.4527,0.4512,36993.13805,51768.2,23412.03377,383,1769999760000
TAOUSDT,190.85,191.49,191.7,190.85,184766.16543,636.09,121707.33012,1141,1769999760000
METISUSDT,3.88,3.891,3.898,3.88,2902.82942,687.18,2675.40353,68,1769999760000
BOMEUSDT,0.0004742,0.0004759,0.0004766,0.0004742,16511.256629,24527734.0,11670.2655982,282,1769999760000
KAITOUSDT,0.3677,0.3681,0.3699,0.3677,34012.57758,64831.6,23923.55864,513,1769999760000
ENAUSDT,0.1375,0.1379,0.1381,0.1375,214807.4575,1129118.0,155593.4541,602,1769999760000
TNSRUSDT,0.04914,0.04929,0.04934,0.04914,4135.767549,67865.7,3343.733391,216,1769999760000
SAGAUSDT,0.0352,0.03526,0.03536,0.03519,4163.874664,90655.0,3200.883308,113,1769999760000
REZUSDT,0.003676,0.003675,0.003689,0.003675,4411.641553,561738.0,2069.272498,50,1769999760000
EPICUSDT,0.4102,0.4111,0.412,0.4102,1492.43992,2617.9,1077.46096,21,1769999760000
BBUSDT,0.03647,0.03655,0.03661,0.03647,4669.86157,83177.0,3041.68245,99,1769999760000
TURBOUSDT,0.001203,0.0012069,0.0012092,0.001203,21987.9244621,12762818.0,15412.1527262,433,1769999760000
IOUSDT,0.1255,0.1257,0.126,0.1255,5015.32671,20076.4,2525.49748,86,1769999760000
ZKUSDT,0.02833,0.0285,0.02858,0.02832,247757.35643,4852422.0,138026.01553,2083,1769999760000
LISTAUSDT,0.1165,0.1168,0.117,0.1165,1144.3618,6345.0,741.0377,21,1769999760000
ZROUSDT,1.757,1.7638,1.7661,1.757,99348.33448,29427.2,51875.82302,1281,1769999760000
RENDERUSDT,1.52,1.525,1.527,1.52,33028.2079,16820.3,25652.4365,235,1769999760000
BANANAUSDT,4.769,4.786,4.79,4.769,5179.3296,763.1,3647.6021,128,1769999760000
GUSDT,0.003757,0.003759,0.003768,0.003757,2602.66785,685098.0,2577.268131,38,1769999760000
SYNUSDT,0.07939,0.07945,0.07966,0.07933,15001.093,114112.0,9072.43895,482,1769999760000
RAREUSDT,0.02083,0.02088,0.02091,0.02083,1328.78902,55023.0,1149.11917,54,1769999760000
SYSUSDT,0.01548,0.01553,0.01554,0.01548,1126.08871,31352.0,486.82677,38,1769999760000
BRETTUSDT,0.00946,0.00949,0.00951,0.00946,5628.11842,354285.0,3362.79458,51,1769999760000
FUNUSDT,0.001154,0.001156,0.001157,0.001154,1475.080276,970957.0,1122.815605,77,1769999760000
SUNUSDT,0.017327,0.017343,0.01735,0.017325,4306.061563,200148.0,3470.150723,62,1769999760000
POPCATUSDT,0.0548,0.055,0.0551,0.0548,10215.458,150318.0,8270.0215,74,1769999760000
DOGSUSDT,3.04e-05,3.05e-05,3.06e-05,3.04e-05,3946.8288632,125931965.0,3837.0265938,44,1769999760000
PROMPTUSDT,0.05871,0.0589,0.05895,0.05871,2283.86361,10768.0,633.12518,58,1769999760000
MBOXUSDT,0.02359,0.02367,0.02367,0.02358,3023.83149,119464.0,2821.8836,89,1769999760000
BABYUSDT,0.01667,0.01671,0.01673,0.01667,3276.31052,149610.0,2498.52914,72,1769999760000
CHESSUSDT,0.02467,0.02469,0.02475,0.02467,292.15322,6541.0,161.62507,20,1769999760000
FLUXUSDT,0.0813,0.0814,0.0815,0.0813,402.6835,4701.0,382.6591,16,1769999760000
1MBABYDOGEUSDT,0.0004614,0.0004624,0.0004631,0.0004614,7358.0600591,11065335.0,5117.129988,131,1769999760000
RPLUSDT,1.763,1.768,1.771,1.763,1146.0062,612.2,1082.5359,27,1769999760000
FIOUSDT,0.00976,0.00977,0.00979,0.00976,401.27784,33857.0,331.13339,16,1769999760000
NEIROUSDT,8.59e-05,8.61e-05,8.63e-05,8.59e-05,22470.3961263,184716302.0,15900.6246274,161,1769999760000
FIDAUSDT,0.02128,0.02132,0.02135,0.02128,1095.03973,37515.0,799.52744,45,1769999760000
CATIUSDT,0.0469,0.04698,0.04704,0.0469,339.0337,4615.0,216.84262,21,1769999760000
HYPERUSDT,0.1059,0.106,0.1062,0.1059,8458.3464,62260.0,6611.5597,62,1769999760000
GHSTUSDT,0.1475,0.1478,0.148,0.1474,751.175,3838.0,567.049,38,1769999760000
HMSTRUSDT,0.00019,0.0001903,0.0001908,0.00019,4500.5364918,14983326.0,2854.0838631,82,1769999760000
DIAUSDT,0.2217,0.2228,0.2231,0.2217,1186.427,2996.0,667.3093,65,1769999760000
EIGENUSDT,0.2539,0.2545,0.255,0.2538,26987.61809,68893.3,17552.44477,231,1769999760000
1000CATUSDT,0.002088,0.002094,0.002097,0.002088,2182.345525,697061.0,1459.246995,48,1769999760000
BATUSDT,0.1256,0.1259,0.1261,0.1255,9530.46204,63407.4,7989.47963,81,1769999760000
SCRUSDT,0.06168,0.06183,0.06196,0.06168,2491.35643,38325.0,2370.17381,54,1769999760000
DOLOUSDT,0.03425,0.03427,0.03436,0.03423,4014.92576,71922.0,2467.63416,139,1769999760000
GOATUSDT,0.02554,0.02557,0.02561,0.02552,3891.50625,125951.0,3222.09896,47,1769999760000
SAFEUSDT,0.1208,0.121,0.1212,0.1208,5770.7311,41964.0,5084.4704,48,1769999760000
CHRUSDT,0.0298,0.0298,0.0298,0.0297,2325.5688,33165.0,988.317,21,1769999760000
SANTOSUSDT,2.013,2.015,2.016,2.012,762.4583,351.6,708.6986,16,1769999760000
CETUSUSDT,0.01846,0.01844,0.01847,0.01844,147.35172,4656.0,85.96414,10,1769999760000
COWUSDT,0.161,0.1615,0.1617,0.161,5157.445,29789.0,4811.9917,44,1769999760000
1000000MOGUSDT,0.1865,0.1869,0.1874,0.1865,4398.05896,21280.5,3983.34226,31,1769999760000
GRASSUSDT,0.2122,0.2126,0.2131,0.2122,2513.90365,5442.7,1158.19114,37,1769999760000
DRIFTUSDT,0.1078,0.1082,0.1082,0.1078,3376.908,27224.0,2943.2453,30,1769999760000
ACTUSDT,0.01523,0.01529,0.01531,0.01523,4575.13926,152718.0,2334.33378,67,1769999760000
PNUTUSDT,0.05673,0.05691,0.05699,0.05673,13809.23235,161946.0,9217.1803,292,1769999760000
HIPPOUSDT,0.000648,0.00065,0.000651,0.000648,1981.026822,1755906.0,1141.575391,88,1769999760000
SCRTUSDT,0.1196,0.1199,0.12,0.1196,3280.6589,22282.0,2671.8525,46,1769999760000
BANUSDT,0.07113,0.0711,0.07119,0.0711,2930.97505,28107.0,1999.78575,40,1769999760000
AKTUSDT,0.3585,0.3595,0.3602,0.3585,2082.55819,4090.7,1470.4313,55,1769999760000
1000CHEEMSUSDT,0.000626,0.0006274,0.0006286,0.000626,3827.5172504,4893005.0,3069.8190035,121,1769999760000
CVCUSDT,0.03482,0.03489,0.03494,0.03482,2502.8909,58603.0,2046.4337,60,1769999760000
DEGENUSDT,0.000798,0.0008,0.000802,0.000798,1902.272583,2180048.0,1747.015293,29,1769999760000
SOPHUSDT,0.011253,0.011261,0.011277,0.01124,10066.445786,407918.0,4592.726313,511,1769999760000
1000WHYUSDT,1.26e-05,1.26e-05,1.27e-05,1.26e-05,126.8390384,5644844.0,71.6895188,8,1769999760000
THEUSDT,0.2149,0.2155,0.2158,0.2149,6944.98185,14949.2,3222.48997,86,1769999760000
CHILLGUYUSDT,0.01178,0.0118,0.01181,0.01178,463.91017,16105.0,189.99259,20,1769999760000
VIRTUALUSDT,0.6271,0.6291,0.6301,0.6271,67488.79572,66161.7,41635.92318,687,1769999760000
ACXUSDT,0.0401,0.04015,0.04021,0.0401,1633.833651,32261.6,1295.928989,46,1769999760000
LAUSDT,0.2384,0.2389,0.2395,0.2384,2709.12077,8927.1,2134.71474,57,1769999760000
KOMAUSDT,0.00762,0.00762,0.00763,0.00762,316.51038,25270.0,192.75605,12,1769999760000
DEGOUSDT,0.3555,0.3561,0.3567,0.3555,587.40922,1260.4,448.75721,33,1769999760000
VELODROMEUSDT,0.01614,0.01618,0.01622,0.01614,2538.34431,113437.0,1838.34253,29,1769999760000
SPXUSDT,0.2932,0.2941,0.2946,0.2932,18738.7992,51216.0,15070.1081,207,1769999760000
KAIAUSDT,0.05482,0.05496,0.05504,0.05482,5607.54368,85820.0,4715.64232,171,1769999760000
MOVEUSDT,0.02543,0.02549,0.02555,0.02543,12560.86127,383686.0,9788.34066,255,1769999760000
MEUSDT,0.1596,0.16,0.1604,0.1596,11770.61441,49909.2,7992.87398,123,1769999760000
PUMPBTCUSDT,0.02042,0.02048,0.02048,0.02041,1053.60494,41553.0,849.78856,29,1769999760000
MOCAUSDT,0.0175,0.01752,0.01756,0.0175,3197.62117,137564.0,2413.59413,34,1769999760000
MYXUSDT,5.624,5.653,5.659,5.623,22511.772,1935.0,10930.532,204,1769999760000
CGPTUSDT,0.02452,0.02459,0.02463,0.02452,2838.65704,68980.0,1697.52628,78,1769999760000
DEXEUSDT,2.507,2.511,2.515,2.507,796.59946,235.93,592.69228,38,1769999760000
FARTCOINUSDT,0.2194,0.2203,0.2207,0.2194,100213.02182,346026.7,76222.9933,486,1769999760000
HIVEUSDT,0.08092,0.08105,0.08115,0.08092,4244.61703,47863.0,3881.02343,71,1769999760000
ICNTUSDT,0.3658,0.3664,0.3667,0.3658,2552.1327,6389.0,2341.4868,43,1769999760000
HUSDT,0.10726,0.10754,0.10773,0.10726,10407.62693,71348.0,7677.87868,282,1769999760000
PENGUUSDT,0.007596,0.007617,0.007631,0.007596,105719.271635,10633837.0,81052.636792,918,1769999760000
AVAUSDT,0.271,0.2716,0.2719,0.271,1850.7183,5106.9,1388.15778,28,1769999760000
VANAUSDT,1.786,1.79,1.793,1.786,2486.60396,1011.61,1811.31089,55,1769999760000
LUMIAUSDT,0.0787,0.0788,0.0789,0.0787,727.67173,8990.1,708.31845,16,1769999760000
GRIFFAINUSDT,0.01106,0.01111,0.01111,0.01106,749.57015,59894.0,664.75755,27,1769999760000
AIXBTUSDT,0.02412,0.02423,0.02428,0.02412,15190.27486,484697.0,11750.18121,247,1769999760000
ERAUSDT,0.1692,0.1695,0.1697,0.1692,1694.1136,8873.0,1503.8933,55,1769999760000
BIOUSDT,0.03249,0.03259,0.03263,0.03249,10027.18504,229926.0,7492.4214,192,1769999760000
PHAUSDT,0.03088,0.03097,0.031,0.03087,2332.81997,68725.0,2127.25775,37,1769999760000
ALCHUSDT,0.08677,0.08704,0.0871,0.08677,2156.14987,21890.0,1902.18458,57,1769999760000
DFUSDT,0.00944,0.00946,0.00946,0.00944,942.00409,99659.0,942.00409,20,1769999760000
COOKIEUSDT,0.02307,0.02311,0.02315,0.02307,2379.72541,79287.0,1832.73653,48,1769999760000
ZEREBROUSDT,0.00898,0.00898,0.009,0.00898,1061.38738,85323.0,767.66285,25,1769999760000
SWARMSUSDT,0.00885,0.0089,0.00892,0.00885,1794.39468,171101.0,1521.55226,58,1769999760000
DUSDT,0.01181,0.01183,0.01186,0.01181,1614.25641,109592.0,1297.8544,47,1769999760000
SONICUSDT,0.04628,0.0463,0.04641,0.04625,907.986501,8097.0,375.452369,58,1769999760000
PROVEUSDT,0.3343,0.3349,0.3357,0.3343,7946.52926,17961.3,6020.58407,134,1769999760000
ARCUSDT,0.04298,0.04312,0.04319,0.04296,5682.58833,96901.0,4174.88504,102,1769999760000
SUSDT,0.05031,0.05041,0.05051,0.0503,18037.28843,209225.0,10552.61371,348,1769999760000
PROMUSDT,1.518,1.52,1.522,1.518,2652.8908,1290.3,1962.3004,42,1769999760000
SOLVUSDT,0.00933,0.00935,0.00936,0.00933,296.58983,25418.0,237.51433,21,1769999760000
AVAAIUSDT,0.01021,0.01023,0.01027,0.01018,29289.50454,1855482.0,18993.82683,258,1769999760000
MELANIAUSDT,0.1236,0.124,0.1242,0.1236,1906.407048,14146.58,1755.211677,31,1769999760000
TRUMPUSDT,4.156,4.163,4.165,4.156,91521.6845,17027.05,70845.77735,427,1769999760000
VTHOUSDT,0.0006496,0.0006506,0.0006518,0.0006496,1045.311401,1377998.0,896.7985232,33,1769999760000
VINEUSDT,0.02124,0.02127,0.02131,0.02124,705.81704,30733.0,654.03705,21,1769999760000
VVVUSDT,2.155,2.16,2.165,2.154,7890.18481,2347.83,5074.21225,97,1769999760000
TSTUSDT,0.01145,0.01146,0.01148,0.01145,371.39158,20917.0,239.91546,16,1769999760000
LAYERUSDT,0.1012,0.1014,0.1015,0.1012,9666.39143,73825.4,7481.86473,64,1769999760000
HEIUSDT,0.1068,0.1071,0.1073,0.1068,1209.09073,7015.2,751.34289,28,1769999760000
WLFIUSDT,0.134,0.1342,0.1345,0.134,149248.8124,753610.0,101214.7711,458,1769999760000
IPUSDT,1.453,1.454,1.458,1.452,47870.3183,14358.9,20895.3145,416,1769999760000
B3USDT,0.000622,0.000623,0.000623,0.00062,723.546606,1017085.0,632.911776,21,1769999760000
REDUSDT,0.2115,0.2119,0.2124,0.2115,6046.972,14085.0,2988.8329,82,1769999760000
SHELLUSDT,0.03706,0.03721,0.03726,0.03706,2196.35723,52879.0,1965.72825,60,1769999760000
GPSUSDT,0.006843,0.006866,0.006873,0.006842,2873.246609,358527.0,2460.926716,148,1769999760000
VICUSDT,0.0621,0.0623,0.0623,0.0621,1922.5867,30593.0,1903.0028,29,1769999760000
BMTUSDT,0.01815,0.01817,0.01819,0.01815,1387.41543,58344.0,1060.32534,37,1769999760000
TAKEUSDT,0.02643,0.02638,0.02646,0.02638,2592.21675,82499.0,2181.65508,64,1769999760000
MUBARAKUSDT,0.0159,0.01593,0.01597,0.0159,2121.01221,97438.0,1553.41537,37,1769999760000
TUTUSDT,0.01159,0.01162,0.01164,0.01159,803.64576,55290.0,642.84173,25,1769999760000
BROCCOLIF3BUSDT,0.004024,0.004037,0.004037,0.004024,137.348629,28156.0,113.574749,15,1769999760000
SIRENUSDT,0.07703,0.07711,0.07717,0.07703,349.92516,4085.0,314.99433,10,1769999760000
BROCCOLI714USDT,0.01576,0.01582,0.01584,0.01576,4724.6691,136956.0,2164.70094,78,1769999760000
AVNTUSDT,0.2385,0.2388,0.2393,0.2385,16308.6314,49066.0,11721.6814,237,1769999760000
BANANAS31USDT,0.003566,0.003575,0.003579,0.003566,5927.122504,992824.0,3550.260957,106,1769999760000
BRUSDT,0.05681,0.05694,0.05694,0.05681,111.59885,1964.0,111.59885,4,1769999760000
PLUMEUSDT,0.01176,0.01178,0.01181,0.01176,16095.71738,1147607.0,13533.32835,197,1769999760000
ZKCUSDT,0.0952,0.0954,0.0956,0.0952,11657.7663,103762.0,9894.3467,104,1769999760000
NILUSDT,0.04947,0.04966,0.04973,0.04947,2023.210579,30501.2,1512.82884,45,1769999760000
PARTIUSDT,0.07448,0.07472,0.07475,0.07448,4712.40277,58381.0,4361.00719,145,1769999760000
JELLYJELLYUSDT,0.05377,0.05387,0.05394,0.05377,2293.12665,37015.0,1992.60288,33,1769999760000
MAVIAUSDT,0.0449,0.04502,0.04507,0.0449,229.26502,4255.0,191.67802,17,1769999760000
PAXGUSDT,4777.44,4772.89,4781.17,4767.4,888767.6961,70.925,338670.36405,1966,1769999760000
WALUSDT,0.0913,0.0914,0.0917,0.0913,8214.7903,83406.0,7635.1155,79,1769999760000
MLNUSDT,3.768,3.776,3.778,3.768,1389.4715,331.25,1250.17802,33,1769999760000
ATHUSDT,0.00686,0.00688,0.00691,0.00686,8419.19341,1123408.0,7744.55151,93,1769999760000
GUNUSDT,0.02773,0.02779,0.02786,0.02773,13600.84191,221748.0,6167.46899,157,1769999760000
AKEUSDT,0.0003263,0.0003265,0.0003268,0.0003263,631.6538049,1715369.0,560.154169,26,1769999760000
FORTHUSDT,1.403,1.405,1.408,1.403,245.7652,149.8,210.7434,12,1769999760000
STOUSDT,0.07798,0.07805,0.07826,0.07797,3612.51128,38880.0,3037.84859,125,1769999760000
FHEUSDT,0.13952,0.13955,0.1401,0.13947,9919.62499,40782.0,5701.16503,493,1769999760000
KERNELUSDT,0.05897,0.05914,0.05924,0.05897,3082.775,39191.0,2316.97403,100,1769999760000
XANUSDT,0.00893,0.00899,0.00901,0.00893,2315.69013,123974.0,1112.39145,54,1769999760000
INITUSDT,0.0818,0.0823,0.0823,0.0818,6875.7154,78367.0,6426.7072,83,1769999760000
WCTUSDT,0.06195,0.06204,0.06219,0.06193,7025.74647,87151.0,5408.60418,225,1769999760000
AERGOUSDT,0.05464,0.05468,0.05475,0.05459,4956.99182,47157.0,2579.19227,135,1769999760000
BANKUSDT,0.04435,0.04436,0.04442,0.04434,918.01472,17106.0,759.13795,38,1769999760000
DEEPUSDT,0.02688,0.02694,0.027,0.02688,11154.3268,322698.0,8694.08542,121,1769999760000
JSTUSDT,0.041215,0.041255,0.041286,0.041214,2291.73442,49014.0,2022.468073,66,1769999760000
SIGNUSDT,0.03559,0.03563,0.03568,0.03559,7723.13841,151833.0,5410.72861,207,1769999760000
FORMUSDT,0.2493,0.2499,0.2504,0.2493,3770.09778,13485.1,3371.60429,91,1769999760000
CTKUSDT,0.2199,0.2203,0.2206,0.2199,906.7559,1925.0,424.1733,23,1769999760000
PUNDIXUSDT,0.1834,0.1835,0.1839,0.1834,6029.4154,27979.0,5142.0239,57,1769999760000
AIOTUSDT,0.056,0.0562,0.0562,0.056,443.1167,3032.0,170.2467,27,1769999760000
HAEDALUSDT,0.02956,0.02961,0.02968,0.02956,824.26259,15569.0,461.52783,30,1769999760000
SXTUSDT,0.026,0.02604,0.0261,0.026,4963.41943,129259.0,3369.41876,108,1769999760000
ASRUSDT,1.426,1.429,1.431,1.426,1186.237,677.8,969.072,33,1769999760000
DOODUSDT,0.004264,0.004272,0.004274,0.004264,821.842838,163413.0,697.946922,38,1769999760000
ALPINEUSDT,0.4405,0.4403,0.4413,0.4403,476.36491,946.0,417.26748,54,1769999760000
B2USDT,0.8305,0.8308,0.8329,0.8305,369.184,417.0,346.7584,12,1769999760000
SYRUPUSDT,0.29505,0.29577,0.29623,0.29505,19993.71793,51284.0,15169.08552,684,1769999760000
NXPCUSDT,0.3723,0.3724,0.3737,0.3723,10657.3558,18347.0,6841.2623,165,1769999760000
AGTUSDT,0.003767,0.003769,0.003772,0.003761,1011.758826,182770.0,688.990297,42,1769999760000
OGUSDT,2.967,2.972,2.976,2.967,1712.9018,557.3,1656.1142,38,1769999760000
ZKJUSDT,0.0301,0.03017,0.0302,0.03007,1561.484761,38692.1,1166.175106,29,1769999760000
HUMAUSDT,0.02501,0.025144,0.025156,0.02501,10940.749845,386118.0,9686.887656,493,1769999760000
SKYAIUSDT,0.0413,0.04132,0.04143,0.0413,335.64196,5491.0,227.09651,28,1769999760000
MERLUSDT,0.05063,0.05068,0.05076,0.0506,14047.2729,101536.0,5147.03691,310,1769999760000
币安人生USDT,0.12543,0.12615,0.12625,0.12543,47553.95214,279925.0,35269.15751,616,1769999760000
CCUSDT,0.18509,0.18596,0.18607,0.18509,29179.884,113499.0,21063.83889,774,1769999760000
TRUSTUSDT,0.0812,0.0815,0.0816,0.0812,2594.229,26836.0,2184.8111,64,1769999760000
APRUSDT,0.08148,0.08153,0.08173,0.08148,406.7205,3338.0,272.45692,18,1769999760000
AWEUSDT,0.05744,0.05746,0.05757,0.05743,3301.34509,16403.0,943.42925,94,1769999760000
BUSDT,0.1864,0.1866,0.1867,0.1863,727.7689,3691.0,688.78,17,1769999760000
HYPEUSDT,31.201,31.215,31.248,31.186,1176003.05517,20180.04,630047.02187,2520,1769999760000
SOONUSDT,0.1899,0.1904,0.1907,0.1899,4156.5824,20631.0,3929.1735,53,1769999760000
AUSDT,0.093,0.0933,0.0934,0.093,4056.9703,24358.0,2271.5072,46,1769999760000
HOMEUSDT,0.02974,0.029696,0.029774,0.029681,3958.448097,59207.0,1760.10916,234,1769999760000
FOLKSUSDT,1.538,1.54,1.541,1.538,2233.8326,1414.7,2178.5606,43,1769999760000
TAIKOUSDT,0.1447,0.1448,0.145,0.1447,1314.6917,8333.0,1207.8751,30,1769999760000
BDXNUSDT,0.01559,0.01562,0.01562,0.01558,434.26595,16424.0,256.29372,22,1769999760000
JCTUSDT,0.001426,0.001428,0.001429,0.001424,1036.456684,577678.0,824.911466,26,1769999760000
PUFFERUSDT,0.03845,0.03854,0.03862,0.03844,488.56731,8956.0,345.21932,36,1769999760000
POWERUSDT,0.19409,0.19449,0.19482,0.19409,2183.70894,9286.0,1806.63948,56,1769999760000
SQDUSDT,0.06281,0.06285,0.06293,0.06281,1484.05949,19608.0,1232.98152,31,1769999760000
BEATUSDT,0.1831,0.1836,0.1838,0.1831,8752.656,29684.0,5447.3139,127,1769999760000
RESOLVUSDT,0.07834,0.07846,0.07848,0.07834,4378.11031,46939.0,3681.70958,173,1769999760000
SPKUSDT,0.02083,0.02088,0.02089,0.02083,1769.04993,37356.0,779.9882,43,1769999760000
FUSDT,0.005952,0.005992,0.006016,0.005952,14851.176043,1614655.0,9670.31553,639,1769999760000
NEWTUSDT,0.0854,0.0857,0.0858,0.0854,10306.4748,115291.0,9868.2592,87,1769999760000
USUSDT,0.00666,0.00667,0.00668,0.00665,1627.04621,124891.0,832.71987,36,1769999760000
OLUSDT,0.01427,0.01428,0.01429,0.01426,163.89152,8842.0,126.25291,12,1769999760000
SAHARAUSDT,0.01837,0.01841,0.01841,0.01837,3063.02192,126449.0,2324.89952,76,1769999760000
BULLAUSDT,0.02106,0.02115,0.02127,0.02101,100658.57808,2691908.0,56902.81047,1563,1769999760000
IDOLUSDT,0.03345,0.03347,0.03352,0.03344,1524.47914,36978.0,1238.39225,36,1769999760000
MUSDT,1.3093,1.3115,1.3131,1.3093,9636.7487,5039.0,6606.321,93,1769999760000
LITUSDT,1.583,1.585,1.587,1.583,29595.227,12139.6,19236.5465,199,1769999760000
PUMPUSDT,0.002523,0.002525,0.002532,0.002523,149670.324317,40799755.0,103136.943961,639,1769999760000
CROSSUSDT,0.11383,0.1139,0.114,0.11383,374.98501,3217.0,366.44153,17,1769999760000
AINUSDT,0.03973,0.03979,0.03985,0.03973,535.57344,9677.0,384.93494,27,1769999760000
CUSDT,0.06188,0.06204,0.06216,0.06188,1876.8433,22514.0,1396.42514,61,1769999760000
VELVETUSDT,0.11123,0.11124,0.11136,0.11122,207.1839,983.0,109.4009,14,1769999760000
TACUSDT,0.004489,0.0045,0.0045,0.004486,535.695327,47551.0,213.682618,17,1769999760000
TAUSDT,0.04036,0.04048,0.0405,0.04036,1074.54896,24225.0,980.19807,24,1769999760000
CVXUSDT,1.76,1.764,1.768,1.76,4221.9339,1681.5,2969.0776,86,1769999760000
SLPUSDT,0.0007248,0.0007258,0.0007275,0.0007248,1445.1511513,1686910.0,1225.7975117,30,1769999760000
ZORAUSDT,0.02872,0.02882,0.02896,0.02853,267560.09,4220460.0,121384.48616,2650,1769999760000
TAGUSDT,0.0003838,0.0003844,0.0003844,0.0003836,164.4096067,369933.0,142.1192126,11,1769999760000
ESPORTSUSDT,0.45011,0.45139,0.45164,0.45011,1688.28002,3271.0,1473.86808,53,1769999760000
TREEUSDT,0.0698,0.0698,0.07,0.0698,6107.8409,70227.0,4914.8278,61,1769999760000
PLAYUSDT,0.10328,0.10307,0.10333,0.10302,12834.7954,17126.0,1767.07885,203,1769999760000
TOWNSUSDT,0.005084,0.005095,0.005102,0.005084,2988.43164,448307.0,2284.364766,58,1769999760000
A2ZUSDT,0.001098,0.0011,0.001103,0.001098,1967.450258,1125553.0,1240.804499,29,1769999760000
NAORISUSDT,0.0215,0.02155,0.02156,0.02149,3794.5825,135148.0,2910.95536,74,1769999760000
MEGAUSDT,0.13327,0.13412,0.13412,0.13325,10711.39565,42851.0,5730.87825,232,1769999760000
ALLUSDT,0.5095,0.5103,0.5114,0.5095,4090.6409,3067.0,1565.4195,47,1769999760000
CARVUSDT,0.0737,0.0739,0.0739,0.0737,2110.0598,27042.0,1995.918,41,1769999760000
YALAUSDT,0.01067,0.0107,0.01071,0.01067,1742.68255,127516.0,1363.13873,44,1769999760000
AIOUSDT,0.165,0.1651,0.16528,0.165,212.88211,938.0,154.92711,10,1769999760000
USELESSUSDT,0.04366,0.04381,0.04387,0.04365,11000.72143,159193.0,6966.53614,262,1769999760000
INUSDT,0.05943,0.05945,0.05954,0.0594,629.5294,5414.0,322.1488,31,1769999760000
XNYUSDT,0.003495,0.003502,0.003507,0.003495,3740.973049,986380.0,3454.372939,42,1769999760000
DAMUSDT,0.01966,0.01963,0.01967,0.01963,110.92897,3593.0,70.64222,7,1769999760000
SAPIENUSDT,0.0995,0.09958,0.0998,0.09948,3144.61969,25947.0,2586.8431,272,1769999760000
BASUSDT,0.003538,0.003545,0.00355,0.003538,2965.287355,793535.0,2812.48558,43,1769999760000
XPLUSDT,0.1028,0.1033,0.1034,0.1028,54894.1343,284991.0,29415.0601,324,1769999760000
BTRUSDT,0.13748,0.13735,0.13768,0.13714,6843.42836,20948.0,2879.27197,291,1769999760000
SOMIUSDT,0.2061,0.2067,0.2071,0.2061,32803.4458,99946.0,20649.5935,458,1769999760000
LINEAUSDT,0.004441,0.004454,0.004462,0.004441,43639.43194,9004578.0,40047.371464,293,1769999760000
HEMIUSDT,0.01169,0.01172,0.01173,0.01168,3109.64217,197325.0,2312.27024,46,1769999760000
MITOUSDT,0.04955,0.04969,0.0499,0.04955,3669.56227,63011.0,3136.32865,129,1769999760000
QUSDT,0.019001,0.019023,0.019035,0.019001,3037.518734,100764.0,1916.409354,197,1769999760000
ARIAUSDT,0.06326,0.06339,0.06348,0.06326,294.52062,3845.0,243.76549,14,1769999760000
FLOCKUSDT,0.061,0.0612,0.0613,0.061,4046.6842,60695.0,3709.6752,34,1769999760000
OPENUSDT,0.1547,0.1548,0.1553,0.1547,7505.7864,24651.0,3825.8072,103,1769999760000
PTBUSDT,0.00165,0.001661,0.001661,0.00165,3858.008394,2127196.0,3526.231786,92,1769999760000
SKYUSDT,0.06106,0.06118,0.06124,0.06105,8205.31118,60196.0,3681.16664,152,1769999760000
XPINUSDT,0.002287,0.002288,0.00229,0.002287,1418.090698,523298.0,1197.967101,11,1769999760000
HOLOUSDT,0.06719,0.06731,0.06749,0.06719,17401.46831,207763.0,14002.21869,245,1769999760000
UBUSDT,0.03628,0.03626,0.0363,0.03626,230.4189,3451.0,125.24854,5,1769999760000
TOSHIUSDT,0.000205,0.0002057,0.0002059,0.0002049,5854.6200096,23385481.0,4809.1544368,48,1769999760000
0GUSDT,0.6403,0.6418,0.6433,0.6403,14671.3772,15823.0,10159.1486,393,1769999760000
STBLUSDT,0.03353,0.03355,0.03365,0.03353,706.65313,17947.0,603.52934,26,1769999760000
BARDUSDT,0.6639,0.6637,0.6644,0.6635,4086.5056,4254.0,2824.8482,147,1769999760000
ASTERUSDT,0.5425,0.5433,0.5443,0.5425,184392.6732,201485.0,109511.4516,838,1769999760000
TRADOORUSDT,0.786,0.789,0.79,0.786,4482.174,3648.0,2876.204,59,1769999760000
BLESSUSDT,0.00591,0.00592,0.00593,0.00591,2144.05233,293916.0,1738.37411,28,1769999760000
COAIUSDT,0.2689,0.2694,0.2699,0.2689,4216.032,11021.0,2969.618,73,1769999760000
FLUIDUSDT,2.54,2.549,2.55,2.54,4115.3478,1245.4,3171.1478,87,1769999760000
MIRAUSDT,0.1012,0.1015,0.1017,0.1012,4851.077,36585.0,3714.2342,52,1769999760000
ORDERUSDT,0.0665,0.0665,0.0666,0.06645,1835.83705,19434.0,1293.22524,67,1769999760000
LIGHTUSDT,0.3615,0.3633,0.3643,0.3614,33365.4683,45157.0,16395.4305,419,1769999760000
HANAUSDT,0.0375,0.03666,0.03751,0.03652,118905.04019,1197741.0,44288.13062,1208,1769999760000
NOMUSDT,0.00706,0.00708,0.007089,0.007058,34628.232544,2351457.0,16639.222913,421,1769999760000
FFUSDT,0.07988,0.07999,0.08013,0.07988,4775.36461,51140.0,4094.83155,128,1769999760000
VFYUSDT,0.02123,0.02127,0.0213,0.02122,1202.52716,54045.0,1150.18532,17,1769999760000
EDENUSDT,0.04123,0.04132,0.0414,0.04123,1303.79273,24388.0,1007.33565,69,1769999760000
LYNUSDT,0.11429,0.11428,0.11444,0.11404,4728.45024,12280.0,1403.27655,82,1769999760000
KGENUSDT,0.22006,0.22031,0.22059,0.22006,2009.26741,8728.0,1923.56631,28,1769999760000
TRUTHUSDT,0.014078,0.014064,0.014089,0.014064,1103.353249,20773.0,292.612453,31,1769999760000
2ZUSDT,0.10769,0.10813,0.10817,0.10769,9663.38777,75858.0,8190.52742,356,1769999760000
METUSDT,0.2362,0.2363,0.2368,0.2361,20439.1478,37154.0,8791.5471,172,1769999760000
ENSOUSDT,1.1341,1.1337,1.1371,1.1331,35949.98392,19039.1,21616.85356,973,1769999760000
EVAAUSDT,0.6538,0.6551,0.6567,0.6538,629.18783,876.6,574.32917,31,1769999760000
CLOUSDT,0.1796,0.1799,0.1801,0.1796,7498.6223,31312.0,5633.3123,82,1769999760000
MONUSDT,0.0177,0.01773,0.01776,0.01769,26330.90757,1152562.0,20437.02772,212,1769999760000
RIVERUSDT,17.311,17.281,17.428,17.011,724789.4785,19915.1,343513.2086,13277,1769999760000
GIGGLEUSDT,36.32,36.43,36.47,36.32,25197.7775,528.31,19245.1793,288,1769999760000
4USDT,0.01175,0.0118,0.01181,0.01175,4018.62809,197234.0,2326.79075,63,1769999760000
YBUSDT,0.1557,0.1562,0.1564,0.1557,2518.8417,14782.0,2309.1002,50,1769999760000
EULUSDT,1.404,1.406,1.409,1.404,4266.0178,2251.9,3169.2067,67,1769999760000
ZBTUSDT,0.0744,0.0745,0.0748,0.0744,11235.5206,117718.0,8782.8384,100,1769999760000
TURTLEUSDT,0.05013,0.0504,0.0504,0.05013,1838.19041,32858.0,1650.96121,53,1769999760000
KITEUSDT,0.13791,0.13803,0.13814,0.13744,46591.48279,127027.0,17521.03891,759,1769999760000
RVVUSDT,0.003043,0.003053,0.003055,0.003043,992.287827,214024.0,652.347935,25,1769999760000
BLUAIUSDT,0.005425,0.005406,0.005434,0.005398,7322.569231,189259.0,1024.421346,161,1769999760000
ALLOUSDT,0.0669,0.0671,0.0671,0.0669,9564.8556,81605.0,5474.1712,93,1769999760000
STABLEUSDT,0.026906,0.026987,0.026994,0.026897,63454.832479,1699858.0,45811.294446,1419,1769999760000
LABUSDT,0.13455,0.13446,0.1348,0.13445,6358.54653,8850.0,1191.47532,58,1769999760000
ONUSDT,0.07543,0.07551,0.07562,0.07541,1328.91865,12237.0,924.19124,53,1769999760000
ATUSDT,0.16052,0.16074,0.16081,0.16052,3837.32797,18423.0,2960.0125,116,1769999760000
UAIUSDT,0.2015,0.201,0.2024,0.2009,27733.5292,74920.0,15136.2121,317,1769999760000
MMTUSDT,0.1614,0.1617,0.1619,0.1614,8182.438,44576.0,7208.5721,81,1769999760000
CLANKERUSDT,34.68,34.54,34.83,34.35,158554.3262,1387.43,47926.7832,1948,1769999760000
PIEVERSEUSDT,0.4299,0.4294,0.4301,0.4292,2013.2143,1263.0,543.1413,36,1769999760000
BOBUSDT,0.007557,0.007559,0.007561,0.007542,1147.230287,104427.0,789.064541,37,1769999760000
SENTUSDT,0.0339,0.03398,0.03409,0.0339,121709.7835,2232077.0,75913.86453,1073,1769999760000
IRYSUSDT,0.048869,0.04911,0.04911,0.048867,5192.170905,88626.0,4343.174384,117,1769999760000
RLSUSDT,0.006469,0.006484,0.006489,0.006469,1105.287814,155515.0,1007.271329,125,1769999760000
WETUSDT,0.08434,0.08469,0.08479,0.08433,49185.45979,313795.0,26554.16461,1349,1769999760000
NIGHTUSDT,0.04743,0.04746,0.04756,0.04743,3258.30069,22816.0,1083.69449,63,1769999760000
RAVEUSDT,0.33523,0.33579,0.33602,0.33523,1355.01471,1916.0,643.3854,49,1769999760000
ZKPUSDT,0.09025,0.09021,0.09034,0.09008,70950.21858,366767.0,33093.41881,969,1769999760000
CYSUSDT,0.3571,0.359,0.3594,0.3565,51639.2669,85987.0,30768.6688,1138,1769999760000
GUAUSDT,0.1608,0.1609,0.1609,0.16072,243.28893,1393.0,223.99815,12,1769999760000
IRUSDT,0.06036,0.06042,0.06044,0.06033,761.91166,8865.0,535.57425,18,1769999760000
BREVUSDT,0.1577,0.158,0.1585,0.1577,29228.9263,124649.0,19718.2706,272,1769999760000
COLLECTUSDT,0.03688,0.03675,0.03698,0.0366,23532.07351,166392.0,6128.06635,434,1769999760000
ZAMAUSDT,0.0444,0.0445,0.0447,0.0444,9402.2087,126615.0,5643.6641,112,1769999760000
MAGMAUSDT,0.10141,0.1014,0.10163,0.1014,2119.89645,20703.0,2101.94361,31,1769999760000
FOGOUSDT,0.03389,0.03397,0.03404,0.03388,30060.24209,478789.0,16254.99101,373,1769999760000
FRAXUSDT,0.7985,0.7989,0.8019,0.7985,9194.3661,8039.0,6433.8985,241,1769999760000
SPORTFUNUSDT,0.0366,0.03668,0.03673,0.0366,5192.19447,115995.0,4254.36278,60,1769999760000
AIAUSDT,0.11653,0.11681,0.117,0.11651,7708.74045,61242.0,7152.3416,99,1769999760000
ACUUSDT,0.16786,0.16794,0.16816,0.16751,13877.57315,36821.0,6181.40421,768,1769999760000
我踏马来了USDT,0.048968,0.048925,0.049418,0.04886,265055.275088,2653488.0,130325.843461,2745,1769999760000
ELSAUSDT,0.0922,0.09214,0.09234,0.09209,5425.81261,26188.0,2415.55913,273,1769999760000
SKRUSDT,0.017416,0.017479,0.017502,0.017409,17969.928558,589220.0,10295.096533,659,1769999760000
SPACEUSDT,0.005948,0.005955,0.005965,0.005948,4488.313554,334029.0,1989.944511,268,1769999760000
INXUSDT,0.013928,0.013975,0.013984,0.013925,21347.317933,651219.0,9093.662256,511,1769999760000
FIGHTUSDT,0.005409,0.005412,0.00544,0.0054,41393.60267,4064001.0,22039.522451,622,1769999760000
GWEIUSDT,0.035507,0.035513,0.035625,0.03533,51350.944255,807640.0,28685.467137,813,1769999760000
BIRBUSDT,0.21983,0.22054,0.22084,0.21971,30683.26892,100965.0,22243.03399,967,1769999760000
1000000BOBUSDT,0.01403,0.01406,0.01406,0.01403,76.31088,5428.0,76.31088,7,1769999760000
RECALLUSDT,0.0628,0.0629,0.063,0.0628,1149.9127,18005.0,1132.8668,22,1769999760000
