symbol,open,close,high,low,volume,quote_volume,taker_buy_base_volume,taker_buy_quote_volume,trades,open_time
TRXUSDT,0.27998,0.27997,0.27998,0.27997,,2186.34079,5506.0,1541.56988,19,1771187340000
IOSTUSDT,0.001258,0.001259,0.001259,0.001258,,135.556023,7781.0,9.796279,2,1771187340000
CRVUSDT,0.248,0.248,0.249,0.248,,328.63,129.2,32.1708,19,1771187340000
XTZUSDT,0.396,0.396,0.397,0.396,,104.3173,169.3,67.2121,9,1771187340000
ATOMUSDT,2.119,2.12,2.12,2.119,,1093.96405,509.52,1079.76675,30,1771187340000
RLCUSDT,0.4453,0.4455,0.4455,0.4453,,197.64677,443.8,197.64677,11,1771187340000
THETAUSDT,0.2062,0.2063,0.2064,0.2062,,1310.8619,2713.4,559.78898,26,1771187340000
ALGOUSDT,0.095,0.0951,0.0951,0.095,,1521.36316,16005.6,1521.36316,12,1771187340000
DOGEUSDT,0.10284,0.10302,0.10302,0.10284,,130384.30627,1043596.0,107443.73778,740,1771187340000
TRBUSDT,15.43,15.437,15.45,15.43,,1689.0415,60.4,932.3833,79,1771187340000
SNXUSDT,0.287,0.287,0.287,0.287,,28.126,0.0,0.0,2,1771187340000
BCHUSDT,554.09,554.23,554.35,554.03,,15709.94762,19.583,10851.79135,181,1771187340000
KNCUSDT,0.1408,0.1408,0.1408,0.1407,,554.3986,341.0,48.0128,12,1771187340000
YFIUSDT,2838.0,2842.0,2842.0,2838.0,,772.441,0.272,772.441,29,1771187340000
ZRXUSDT,0.1078,0.1078,0.1078,0.1077,,648.1216,1488.0,160.4064,13,1771187340000
ETHUSDT,1947.18,1948.5,1948.7,1947.17,,2191549.28135,622.335,1212354.92795,2987,1771187340000
BATUSDT,0.1287,0.1288,0.1288,0.1287,,72.48867,562.9,72.48867,5,1771187340000
SUSHIUSDT,0.2063,0.2064,0.2065,0.2063,,1370.8439,2355.0,486.2208,15,1771187340000
ADAUSDT,0.2793,0.2796,0.2797,0.2793,,41196.1361,138727.0,38785.7724,167,1771187340000
ZILUSDT,0.00428,0.00429,0.00429,0.00428,,472.55139,46311.0,198.67419,20,1771187340000
ONTUSDT,0.0458,0.0458,0.0458,0.0458,,5.24868,114.6,5.24868,1,1771187340000
ETCUSDT,8.661,8.667,8.667,8.661,,2400.47153,207.84,1800.73411,61,1771187340000
QTUMUSDT,0.976,0.977,0.977,0.976,,200.0705,167.4,163.5498,8,1771187340000
XMRUSDT,333.78,334.09,334.17,333.78,,7924.24329,10.954,3658.46509,202,1771187340000
RUNEUSDT,0.4024,0.4026,0.4026,0.4024,,1378.9187,3374.0,1357.9887,20,1771187340000
ZECUSDT,292.48,292.8,292.97,292.48,,94500.41944,179.729,52614.36137,763,1771187340000
BNBUSDT,612.82,613.21,613.26,612.81,,73688.4007,110.56,67783.1028,456,1771187340000
COMPUSDT,20.99,21.0,21.02,20.96,,42615.00405,896.154,18818.37078,274,1771187340000
LTCUSDT,54.47,54.52,54.52,54.47,,24222.1253,376.708,20530.1318,88,1771187340000
VETUSDT,0.008262,0.008266,0.008266,0.008262,,1733.808317,138513.0,1144.810705,44,1771187340000
LINKUSDT,8.647,8.655,8.657,8.646,,37961.85983,2286.26,19785.08218,230,1771187340000
DASHUSDT,37.09,37.11,37.12,37.09,,3120.7848,72.572,2692.35749,76,1771187340000
KAVAUSDT,0.0539,0.0539,0.0539,0.0538,,659.94087,1234.3,66.52877,8,1771187340000
DOTUSDT,1.345,1.346,1.346,1.345,,3058.295,2147.9,2889.2285,63,1771187340000
NEOUSDT,2.81,2.809,2.811,2.809,,190.5418,36.13,101.55304,7,1771187340000
IOTAUSDT,0.0684,0.0684,0.0684,0.0684,,99.99396,0.0,0.0,2,1771187340000
BANDUSDT,0.2437,0.244,0.244,0.2437,,1314.44588,3006.3,733.25826,26,1771187340000
BTCUSDT,68420.1,68457.0,68462.3,68420.0,,3587520.3259,38.213,2615310.4285,1598,1771187340000
XRPUSDT,1.4525,1.4562,1.4563,1.4524,,1036974.86397,550393.1,800681.51429,1707,1771187340000
XLMUSDT,0.16812,0.1683,0.16833,0.16812,,6782.20296,35839.0,6029.1415,129,1771187340000
EGLDUSDT,4.876,4.879,4.88,4.876,,303.3426,58.2,283.8266,15,1771187340000
SOLUSDT,85.49,85.65,85.66,85.49,,2414193.3195,18312.06,1567250.2372,2192,1771187340000
ICXUSDT,0.0399,0.04,0.04,0.0399,,987.0527,24737.0,987.0527,10,1771187340000
UNIUSDT,3.432,3.435,3.436,3.432,,37020.109,7402.0,25421.38,175,1771187340000
STORJUSDT,0.0997,0.0997,0.0997,0.0997,,2.1934,0.0,0.0,1,1771187340000
AVAXUSDT,9.188,9.198,9.201,9.188,,78406.381,6169.0,56737.612,287,1771187340000
ENJUSDT,0.02137,0.02135,0.02138,0.02134,,5470.22385,4838.0,103.369,56,1771187340000
KSMUSDT,4.6,4.601,4.603,4.6,,300.4439,33.2,152.7496,16,1771187340000
NEARUSDT,1.043,1.043,1.044,1.042,,6735.691,4453.0,4644.509,92,1771187340000
FILUSDT,0.952,0.953,0.953,0.952,,7987.7567,6759.9,6442.1847,31,1771187340000
AAVEUSDT,123.6,123.73,123.74,123.6,,4773.708,34.2,4229.361,100,1771187340000
BELUSDT,0.0989,0.0988,0.0989,0.0988,,570.4516,137.0,13.5493,13,1771187340000
RSRUSDT,0.001555,0.001555,0.001555,0.001555,,3.33392,0.0,0.0,1,1771187340000
LRCUSDT,0.03272,0.03276,0.03277,0.03271,,1580.0576,47203.0,1545.1864,24,1771187340000
AXSUSDT,1.375,1.375,1.376,1.374,,19256.794,11784.0,16208.43,89,1771187340000
ZENUSDT,6.221,6.228,6.228,6.221,,3051.9205,335.3,2086.8942,112,1771187340000
SKLUSDT,0.00669,0.0067,0.0067,0.00669,,174.04367,21982.0,147.2794,9,1771187340000
GRTUSDT,0.02737,0.0274,0.0274,0.02737,,1364.29894,40489.0,1109.00131,27,1771187340000
1INCHUSDT,0.0943,0.0944,0.0944,0.0943,,170.0346,1562.0,147.3083,12,1771187340000
CHZUSDT,0.03991,0.03992,0.03994,0.03991,,4243.7919,66733.0,2663.93321,79,1771187340000
ANKRUSDT,0.004501,0.004501,0.004504,0.004501,,610.312842,125344.0,564.318902,19,1771187340000
SANDUSDT,0.08648,0.08654,0.08655,0.08648,,995.47719,6177.0,534.41617,61,1771187340000
RVNUSDT,0.00622,0.00622,0.00622,0.00622,,31.57894,5077.0,31.57894,1,1771187340000
SFPUSDT,0.2642,0.2643,0.2644,0.2642,,76.9042,224.0,59.2028,9,1771187340000
COTIUSDT,0.01208,0.01208,0.01208,0.01208,,234.82312,18711.0,226.02888,6,1771187340000
CHRUSDT,0.0253,0.0253,0.0254,0.0253,,16.315,218.0,5.5372,3,1771187340000
MANAUSDT,0.1023,0.1023,0.1024,0.1023,,1668.988,10907.0,1116.8768,20,1771187340000
ALICEUSDT,0.11,0.11,0.11,0.109,,486.1108,4101.9,451.209,20,1771187340000
ONEUSDT,0.00252,0.00253,0.00253,0.00252,,2945.68542,1163682.0,2944.11546,16,1771187340000
DENTUSDT,0.000143,0.000143,0.000143,0.000142,,1755.941503,12243983.0,1750.889569,8,1771187340000
HBARUSDT,0.09846,0.09853,0.09854,0.09845,,49586.28769,148002.0,14577.67396,251,1771187340000
OGNUSDT,0.0221,0.0221,0.0221,0.0221,,5.5471,251.0,5.5471,1,1771187340000
CELRUSDT,0.00256,0.00256,0.00256,0.00256,,93.82656,36651.0,93.82656,1,1771187340000
HOTUSDT,0.000385,0.000385,0.000385,0.000384,,287.687001,403929.0,155.512665,18,1771187340000
1000SHIBUSDT,0.006474,0.006478,0.006479,0.006474,,28825.677518,2143981.0,13889.126564,134,1771187340000
GTCUSDT,0.101,0.101,0.101,0.1,,87.7185,718.5,72.5685,8,1771187340000
MTLUSDT,0.2849,0.2851,0.2851,0.2849,,39.9018,92.0,26.2218,6,1771187340000
IOTXUSDT,0.00552,0.00552,0.00552,0.00552,,0.20424,0.0,0.0,1,1771187340000
BTCDOMUSDT,5155.4,5155.2,5155.4,5153.5,,4144.4948,0.178,917.5028,75,1771187340000
C98USDT,0.0306,0.0306,0.0307,0.0306,,1069.1994,660.0,20.262,6,1771187340000
ATAUSDT,0.0126,0.0126,0.0127,0.0126,,98.3526,1356.0,17.2212,13,1771187340000
MASKUSDT,0.4657,0.4664,0.4666,0.4657,,1097.9292,1216.0,566.8646,56,1771187340000
DYDXUSDT,0.106,0.106,0.106,0.105,,723.6749,6776.9,718.3514,28,1771187340000
GALAUSDT,0.00404,0.00404,0.00404,0.00403,,252.77147,39272.0,158.65888,21,1771187340000
1000XECUSDT,0.00812,0.00813,0.00813,0.00812,,52.87814,5847.0,47.49458,8,1771187340000
CELOUSDT,0.084,0.084,0.084,0.083,,1252.6578,8089.4,679.5096,20,1771187340000
ARUSDT,1.992,1.994,1.994,1.99,,14464.6156,3428.8,6833.5669,93,1771187340000
CTSIUSDT,0.0267,0.0267,0.0267,0.0267,,25.7922,0.0,0.0,5,1771187340000
ARPAUSDT,0.00988,0.00988,0.00989,0.00988,,1629.90329,2933.0,29.00737,29,1771187340000
LPTUSDT,2.36,2.364,2.365,2.36,,4158.0588,1542.4,3646.7508,93,1771187340000
ENSUSDT,6.614,6.62,6.62,6.614,,595.4948,77.7,514.1038,38,1771187340000
PEOPLEUSDT,0.00694,0.00696,0.00696,0.00694,,4558.0719,653453.0,4547.32083,21,1771187340000
ROSEUSDT,0.01222,0.01223,0.01225,0.01221,,21506.38174,878421.0,10741.03703,191,1771187340000
DUSKUSDT,0.1005,0.10054,0.10055,0.10049,,5069.32568,26327.0,2646.13788,142,1771187340000
FLOWUSDT,0.04152,0.04151,0.04154,0.04151,,985.276931,10313.1,428.290099,35,1771187340000
IMXUSDT,0.1647,0.1647,0.1648,0.1647,,342.2106,1943.0,320.1347,14,1771187340000
GMTUSDT,0.01237,0.01237,0.01238,0.01237,,2598.72731,33519.0,414.96522,37,1771187340000
API3USDT,0.3085,0.3088,0.3089,0.3085,,285.0891,507.5,156.6515,27,1771187340000
APEUSDT,0.1292,0.1293,0.1293,0.1292,,746.8718,5717.0,739.1198,22,1771187340000
WOOUSDT,0.01696,0.01697,0.01697,0.01696,,996.86163,48564.0,824.03915,13,1771187340000
JASMYUSDT,0.005815,0.00582,0.00582,0.005815,,3241.623227,528313.0,3073.458539,43,1771187340000
OPUSDT,0.1873,0.1874,0.1875,0.1873,,9673.34103,42107.8,7891.14427,66,1771187340000
INJUSDT,3.103,3.105,3.105,3.103,,1385.8463,421.8,1309.1775,55,1771187340000
STGUSDT,0.1539,0.1539,0.154,0.1539,,729.348,1891.0,291.214,38,1771187340000
SPELLUSDT,0.0001887,0.0001889,0.0001889,0.0001887,,91.8420434,121270.0,22.8986114,5,1771187340000
1000LUNCUSDT,0.0343,0.0344,0.03442,0.03427,,27423.3694,359158.0,12331.56622,271,1771187340000
LUNA2USDT,0.06755,0.06794,0.06822,0.06733,,98265.55468,701036.0,47619.2648,1563,1771187340000
LDOUSDT,0.3365,0.3369,0.3369,0.3365,,2755.9483,6736.0,2267.8151,50,1771187340000
APTUSDT,0.9167,0.9176,0.918,0.9167,,12707.50833,2468.3,2264.51338,253,1771187340000
ICPUSDT,2.377,2.379,2.38,2.377,,1910.13,200.0,475.75,52,1771187340000
QNTUSDT,69.36,69.41,69.41,69.36,,298.296,3.4,235.854,15,1771187340000
HOOKUSDT,0.02654,0.02654,0.02658,0.02651,,1174.989071,36966.0,981.61005,38,1771187340000
FETUSDT,0.1719,0.172,0.172,0.1718,,16175.918,82184.0,14132.135,77,1771187340000
MAGICUSDT,0.06767,0.06767,0.06771,0.06764,,1817.417102,6995.3,473.398673,64,1771187340000
CFXUSDT,0.05416,0.05419,0.0542,0.05416,,778.8677,9446.0,511.72253,36,1771187340000
STXUSDT,0.2639,0.2638,0.264,0.2638,,3330.6213,248.0,65.472,58,1771187340000
HIGHUSDT,0.1523,0.1523,0.1524,0.1523,,34.86006,172.7,26.31603,4,1771187340000
PHBUSDT,0.1641,0.1641,0.1643,0.1641,,93.9148,323.0,53.0539,6,1771187340000
TUSDT,0.007217,0.00722,0.00722,0.007217,,105.76753,14651.0,105.76753,10,1771187340000
MINAUSDT,0.06572,0.06578,0.06579,0.06572,,1384.57663,8822.0,580.17921,61,1771187340000
ACHUSDT,0.007576,0.00758,0.007581,0.007576,,2980.867187,359467.0,2724.633473,51,1771187340000
CKBUSDT,0.001647,0.001647,0.001647,0.001647,,24.102198,13825.0,22.769775,3,1771187340000
SSVUSDT,3.238,3.239,3.239,3.238,,61.72749,15.04,48.70879,9,1771187340000
TRUUSDT,0.006402,0.0064,0.006402,0.006397,,215.659114,30657.0,196.241207,15,1771187340000
ASTRUSDT,0.007825,0.007848,0.007855,0.007825,,6641.592427,825490.0,6473.64291,136,1771187340000
GMXUSDT,6.295,6.296,6.296,6.295,,6.16924,0.98,6.16924,2,1771187340000
LQTYUSDT,0.2717,0.2717,0.2717,0.2715,,252.8934,84.8,23.04016,10,1771187340000
ARBUSDT,0.1135,0.1136,0.1136,0.1135,,1191.62029,9311.0,1057.11144,53,1771187340000
IDUSDT,0.05208,0.0521,0.0521,0.05208,,214.80684,3553.0,185.06916,12,1771187340000
JOEUSDT,0.03808,0.03809,0.03809,0.03806,,37.12585,785.0,29.89445,7,1771187340000
TLMUSDT,0.001714,0.001715,0.001715,0.001713,,378.112401,45526.0,78.052714,16,1771187340000
RDNTUSDT,0.005852,0.005856,0.005857,0.005852,,152.527191,22413.0,131.256947,10,1771187340000
HFTUSDT,0.01782,0.01782,0.01782,0.01781,,646.04096,15056.0,268.29792,19,1771187340000
XVSUSDT,2.823,2.826,2.826,2.823,,1342.5035,471.6,1332.3407,38,1771187340000
ETHBTC,0.028461,0.028461,0.028461,0.028461,,0.07855236,2.76,0.07855236,2,1771187340000
BLURUSDT,0.02111,0.02112,0.02112,0.02111,,166.39176,7608.0,160.60488,8,1771187340000
EDUUSDT,0.1275,0.1277,0.1277,0.1275,,1543.9738,11675.0,1489.1312,40,1771187340000
SUIUSDT,0.9663,0.9676,0.9679,0.9663,,81997.99904,65061.4,62931.38906,314,1771187340000
1000PEPEUSDT,0.0044295,0.0044364,0.0044367,0.0044293,,89876.2465982,14296180.0,63398.660336,1032,1771187340000
1000FLOKIUSDT,0.0316,0.03162,0.03163,0.0316,,2049.28358,44822.0,1417.10433,48,1771187340000
UMAUSDT,0.4961,0.4964,0.4964,0.4961,,24.8111,50.0,24.8111,4,1771187340000
NMRUSDT,8.345,8.35,8.351,8.345,,292.2161,29.1,242.9546,20,1771187340000
MAVUSDT,0.01617,0.01617,0.01619,0.01617,,192.4667,2132.0,34.51708,13,1771187340000
XVGUSDT,0.005913,0.005917,0.005917,0.005913,,2806.811135,353061.0,2088.34122,42,1771187340000
WLDUSDT,0.4022,0.4023,0.4024,0.4022,,5328.6562,7923.0,3186.8115,79,1771187340000
ARKMUSDT,0.1166,0.1166,0.1167,0.1166,,192.4565,665.0,77.6055,21,1771187340000
AGLDUSDT,0.227,0.227,0.2271,0.227,,218.6437,48.0,10.8984,6,1771187340000
PENDLEUSDT,1.2311,1.2341,1.2344,1.2308,,15623.0694,11407.0,14064.0057,257,1771187340000
YGGUSDT,0.04037,0.04038,0.04038,0.04035,,508.7429,4716.0,190.39007,22,1771187340000
DODOXUSDT,0.015653,0.015653,0.015653,0.015653,,5.259408,336.0,5.259408,1,1771187340000
BNTUSDT,0.2839,0.2839,0.2839,0.2839,,116.9668,412.0,116.9668,7,1771187340000
OXTUSDT,0.01806,0.01804,0.01806,0.01803,,372.77379,314.0,5.66456,52,1771187340000
CYBERUSDT,0.5603,0.5608,0.5608,0.5603,,168.73523,131.7,73.84147,16,1771187340000
SEIUSDT,0.0746,0.0747,0.0747,0.0746,,13295.4477,11309.0,844.7823,32,1771187340000
ARKUSDT,0.1935,0.1936,0.1937,0.1935,,39.8786,58.0,11.2315,6,1771187340000
BICOUSDT,0.02402,0.02403,0.02404,0.02401,,58.14225,911.0,21.89381,12,1771187340000
BIGTIMEUSDT,0.01535,0.01535,0.01535,0.01535,,26.54015,0.0,0.0,2,1771187340000
GASUSDT,1.643,1.643,1.644,1.643,,138.6735,42.6,69.9961,21,1771187340000
TIAUSDT,0.3369,0.3371,0.3371,0.3369,,2603.4379,6071.0,2046.2339,50,1771187340000
POLYXUSDT,0.04396,0.04395,0.04396,0.04394,,75.24659,1712.0,75.24659,7,1771187340000
POWRUSDT,0.06688,0.06689,0.06689,0.06688,,26.28552,393.0,26.28552,4,1771187340000
ORDIUSDT,2.771,2.773,2.774,2.771,,482.7229,121.1,335.7579,34,1771187340000
BSVUSDT,16.69,16.7,16.7,16.69,,886.756,13.9,232.122,14,1771187340000
WAXPUSDT,0.007212,0.00721,0.007212,0.00721,,12.171936,728.0,5.250336,2,1771187340000
TWTUSDT,0.5064,0.5068,0.5068,0.5064,,489.8893,719.0,364.2552,34,1771187340000
RIFUSDT,0.03077,0.03079,0.0308,0.03076,,68.32892,886.0,27.27656,14,1771187340000
STEEMUSDT,0.05204,0.05208,0.05208,0.05204,,58.47031,509.0,26.50771,7,1771187340000
ILVUSDT,3.81,3.809,3.811,3.809,,52.9483,3.0,11.4286,5,1771187340000
CAKEUSDT,1.2884,1.2895,1.2897,1.2884,,1553.316,777.0,1001.6227,85,1771187340000
NTRNUSDT,0.01424,0.01425,0.01425,0.01424,,1225.53468,64628.0,920.949,17,1771187340000
MEMEUSDT,0.0007042,0.0007043,0.0007047,0.000704,,3964.4358746,1842750.0,1298.5459819,115,1771187340000
KASUSDT,0.03127,0.03129,0.03129,0.03127,,1947.01936,62245.0,1947.01936,7,1771187340000
BEAMXUSDT,0.002357,0.002357,0.002358,0.002357,,217.874136,90062.0,212.3399,9,1771187340000
PYTHUSDT,0.05542,0.05545,0.05547,0.05541,,7108.70626,86712.0,4808.06185,92,1771187340000
1000BONKUSDT,0.006466,0.006472,0.006473,0.006466,,7895.635504,725316.0,4693.435059,102,1771187340000
SUPERUSDT,0.1238,0.1238,0.1238,0.1238,,262.3322,1950.0,241.41,3,1771187340000
USTCUSDT,0.005177,0.005196,0.005204,0.005169,,3923.579111,397361.0,2060.74902,111,1771187340000
ONGUSDT,0.06678,0.06677,0.0668,0.06677,,72.59072,662.0,44.2096,7,1771187340000
ETHWUSDT,0.3393,0.3394,0.3398,0.3393,,40.3991,57.0,19.3515,5,1771187340000
JTOUSDT,0.2655,0.2655,0.2656,0.2654,,1191.092,3295.0,874.8728,32,1771187340000
1000SATSUSDT,1.15e-05,1.16e-05,1.16e-05,1.15e-05,,295.5259254,23982969.0,278.2024404,8,1771187340000
AUCTIONUSDT,5.151,5.154,5.154,5.151,,156.0224,19.13,98.56875,20,1771187340000
1000RATSUSDT,0.04674,0.04679,0.0468,0.04672,,488.45728,7906.0,369.84805,21,1771187340000
ACEUSDT,0.1686,0.1684,0.1687,0.1684,,7460.608971,15979.17,2694.117241,34,1771187340000
MOVRUSDT,1.448,1.449,1.452,1.447,,2582.80772,1658.98,2406.8988,43,1771187340000
NFPUSDT,0.01744,0.01744,0.01745,0.01744,,82.726246,3099.8,54.09151,6,1771187340000
AIUSDT,0.02304,0.02301,0.02305,0.02301,,1789.40433,29349.0,676.07471,40,1771187340000
XAIUSDT,0.01092,0.01085,0.01093,0.01083,,16183.97983,612133.0,6667.88509,196,1771187340000
WIFUSDT,0.2284,0.2286,0.2287,0.2284,,19552.04365,24160.2,5522.82023,62,1771187340000
ZETAUSDT,0.05459,0.05466,0.05466,0.05459,,386.79794,7083.0,386.79794,28,1771187340000
MANTAUSDT,0.07668,0.07711,0.07713,0.07668,,30758.68081,369596.1,28426.103472,372,1771187340000
ONDOUSDT,0.272,0.2722,0.2722,0.272,,18963.88307,65770.3,17897.75187,75,1771187340000
LSKUSDT,0.1421,0.1421,0.1421,0.1421,,5.5419,39.0,5.5419,2,1771187340000
ALTUSDT,0.00854,0.00855,0.00855,0.00854,,2631.57757,307833.0,2631.57757,26,1771187340000
JUPUSDT,0.1596,0.1597,0.1598,0.1596,,2953.2006,9565.0,1526.93,61,1771187340000
RONINUSDT,0.0995,0.0996,0.0996,0.0995,,162.03196,1554.1,154.78836,7,1771187340000
PIXELUSDT,0.005478,0.005491,0.005505,0.005478,,5573.412597,750116.0,4121.618654,124,1771187340000
OMUSDT,0.0564,0.05653,0.05654,0.0564,,30038.453745,304154.4,17179.226056,335,1771187340000
STRKUSDT,0.04839,0.0484,0.04842,0.04839,,469.154771,7378.9,357.107717,25,1771187340000
GLMUSDT,0.18666,0.18676,0.18676,0.18666,,224.82087,1055.0,196.99984,24,1771187340000
DYMUSDT,0.04563,0.04561,0.04563,0.04561,,1203.508561,4756.1,217.009592,39,1771187340000
PORTALUSDT,0.0147,0.01469,0.0147,0.01469,,147.996216,1437.8,21.13566,8,1771187340000
VANRYUSDT,0.006153,0.006137,0.006153,0.006137,,524.872837,4399.0,27.010283,19,1771187340000
METISUSDT,3.583,3.585,3.586,3.583,,528.29101,141.51,507.31876,13,1771187340000
BOMEUSDT,0.0004275,0.0004278,0.0004278,0.0004275,,283.7682566,517997.0,221.5015388,16,1771187340000
TONUSDT,1.4625,1.4637,1.4642,1.4625,,4732.9105,2912.2,4262.22265,125,1771187340000
AXLUSDT,0.06028,0.06029,0.0603,0.06028,,195.120741,3236.6,195.120741,13,1771187340000
AEVOUSDT,0.02716,0.02717,0.02717,0.02715,,2048.604626,19611.5,532.693616,15,1771187340000
ENAUSDT,0.1199,0.1199,0.1199,0.1198,,16158.6529,97697.0,11713.8703,55,1771187340000
ETHFIUSDT,0.4649,0.4652,0.4652,0.4649,,1268.78218,1234.5,574.06461,35,1771187340000
WUSDT,0.01996,0.02,0.02,0.01996,,4553.983381,226054.9,4515.002881,27,1771187340000
TNSRUSDT,0.0503,0.05035,0.05039,0.05029,,3177.364897,49692.6,2502.878663,117,1771187340000
SAGAUSDT,0.03945,0.03883,0.03958,0.03883,,269744.262421,2768010.2,108557.195484,3072,1771187340000
TAOUSDT,182.4,182.08,182.41,182.03,,48039.19985,89.704,16345.72747,430,1771187340000
REZUSDT,0.003015,0.003013,0.003017,0.003013,,175.901817,48317.0,145.709121,12,1771187340000
BBUSDT,0.03085,0.03085,0.03085,0.03085,,5.52215,179.0,5.52215,1,1771187340000
NOTUSDT,0.0004014,0.0004019,0.0004019,0.0004014,,68.4943766,157877.0,63.4273328,8,1771187340000
TURBOUSDT,0.0010939,0.0010946,0.0010946,0.0010939,,1275.99082,1032942.0,1130.3817213,56,1771187340000
IOUSDT,0.1058,0.1061,0.1062,0.1058,,4509.23476,22186.2,2351.61699,42,1771187340000
ZKUSDT,0.02169,0.0217,0.02171,0.02169,,3012.28421,18465.0,400.73139,57,1771187340000
MEWUSDT,0.0006428,0.0006432,0.0006432,0.0006428,,114.6082038,73396.0,47.1847638,9,1771187340000
LISTAUSDT,0.0898,0.0899,0.0899,0.0898,,26.3348,293.0,26.3348,2,1771187340000
ZROUSDT,1.7758,1.7755,1.7772,1.7755,,5555.47976,1772.7,3148.95938,176,1771187340000
RENDERUSDT,1.403,1.405,1.405,1.403,,11131.788,7230.7,10154.0824,102,1771187340000
RAREUSDT,0.01964,0.01964,0.01964,0.01964,,86.84808,4123.0,80.97572,6,1771187340000
BRETTUSDT,0.00764,0.00764,0.00764,0.00763,,57.28149,6412.0,48.98768,6,1771187340000
BANANAUSDT,4.535,4.538,4.538,4.535,,641.8987,89.8,407.4006,44,1771187340000
GUSDT,0.003991,0.00399,0.003991,0.00399,,16.747409,0.0,0.0,4,1771187340000
SYNUSDT,0.04675,0.04686,0.04686,0.04675,,1491.39396,29039.0,1359.28119,81,1771187340000
SYSUSDT,0.0135,0.0135,0.0135,0.0135,,30.3345,0.0,0.0,2,1771187340000
POPCATUSDT,0.05273,0.05273,0.05275,0.05267,,3920.33458,5260.0,277.32964,46,1771187340000
RPLUSDT,1.715,1.715,1.715,1.715,,108.2165,14.7,25.2105,4,1771187340000
SUNUSDT,0.017497,0.0175,0.017504,0.017497,,340.859829,19479.0,340.859829,29,1771187340000
DOGSUSDT,2.86e-05,2.86e-05,2.87e-05,2.86e-05,,969.112303,10957678.0,314.4853586,14,1771187340000
FLUXUSDT,0.0687,0.0686,0.0687,0.0686,,26.694,86.0,5.9082,3,1771187340000
MBOXUSDT,0.02047,0.02045,0.02047,0.02045,,101.15329,455.0,9.31385,12,1771187340000
1MBABYDOGEUSDT,0.0004006,0.0004008,0.0004008,0.0004006,,305.7533465,274934.0,110.1869945,16,1771187340000
POLUSDT,0.10744,0.10745,0.10747,0.10737,,2935.92585,11935.0,1282.17409,132,1771187340000
NEIROUSDT,7.54e-05,7.55e-05,7.55e-05,7.54e-05,,3295.3186337,18241317.0,1377.2194335,39,1771187340000
FIDAUSDT,0.0204,0.0204,0.0204,0.02039,,246.47963,4609.0,94.0236,12,1771187340000
CATIUSDT,0.04025,0.04025,0.04028,0.04025,,28.38708,541.0,21.78608,4,1771187340000
FIOUSDT,0.00921,0.0092,0.00921,0.0092,,80.05406,6926.0,63.78846,6,1771187340000
COSUSDT,0.00109,0.00109,0.001091,0.00109,,53.805931,19034.0,20.752771,6,1771187340000
HMSTRUSDT,0.0001786,0.0001788,0.0001789,0.0001785,,1152.1250823,6245935.0,1116.2151888,15,1771187340000
EIGENUSDT,0.2055,0.2056,0.2057,0.2055,,1676.34893,6335.1,1302.91775,39,1771187340000
GOATUSDT,0.02352,0.02351,0.02354,0.0235,,3332.99392,2679.0,63.02348,31,1771187340000
DIAUSDT,0.1971,0.1972,0.1972,0.1971,,22.2809,113.0,22.2809,5,1771187340000
1000CATUSDT,0.001876,0.001876,0.001876,0.001876,,5.106472,2722.0,5.106472,1,1771187340000
SCRUSDT,0.04862,0.04864,0.04864,0.04862,,133.96752,2755.0,133.96752,6,1771187340000
MOODENGUSDT,0.055,0.05503,0.05505,0.055,,3977.12827,37365.0,2055.85839,76,1771187340000
SAFEUSDT,0.1096,0.1098,0.1098,0.1096,,157.6385,1438.0,157.6385,6,1771187340000
SANTOSUSDT,1.876,1.88,1.88,1.876,,1351.1483,690.3,1296.8619,51,1771187340000
COWUSDT,0.2043,0.2043,0.2045,0.2042,,4381.5019,2585.0,528.41,39,1771187340000
CETUSUSDT,0.0165,0.01653,0.01655,0.0165,,6639.65845,398094.0,6579.85605,67,1771187340000
1000000MOGUSDT,0.1733,0.1735,0.1735,0.1733,,177.25422,928.3,161.01644,43,1771187340000
GRASSUSDT,0.2079,0.2082,0.2083,0.2079,,825.65747,2123.2,442.03122,23,1771187340000
DRIFTUSDT,0.0891,0.0893,0.0893,0.0891,,1389.6222,15580.0,1389.6222,16,1771187340000
ACTUSDT,0.01503,0.01505,0.01505,0.01502,,878.94232,56605.0,850.94961,26,1771187340000
PNUTUSDT,0.04947,0.04949,0.04951,0.04947,,2440.18903,26885.0,1330.33966,35,1771187340000
HIPPOUSDT,0.0006431,0.0006427,0.0006436,0.0006427,,168.1513452,49165.0,31.6301544,24,1771187340000
DEGENUSDT,0.000744,0.000744,0.000744,0.000744,,59.44932,79905.0,59.44932,4,1771187340000
BANUSDT,0.09637,0.0965,0.09658,0.09637,,1242.56625,4307.0,415.38433,19,1771187340000
AKTUSDT,0.3244,0.325,0.3259,0.3244,,11409.22176,29816.3,9696.99651,143,1771187340000
1000WHYUSDT,1.22e-05,1.22e-05,1.23e-05,1.22e-05,,189.882728,4821444.0,59.3037612,26,1771187340000
SCRTUSDT,0.0886,0.0886,0.0886,0.0885,,792.3191,8565.0,758.859,11,1771187340000
1000CHEEMSUSDT,0.0005075,0.0005077,0.0005077,0.0005075,,54.885211,108137.0,54.885211,12,1771187340000
THEUSDT,0.2674,0.2675,0.2675,0.2674,,48.7845,182.4,48.7845,4,1771187340000
MORPHOUSDT,1.3074,1.3083,1.31,1.3072,,6450.31645,2741.0,3587.25318,228,1771187340000
ACXUSDT,0.03601,0.03602,0.03604,0.03601,,37.026475,342.2,12.332888,6,1771187340000
KAIAUSDT,0.05659,0.05663,0.05664,0.05659,,351.83534,3333.0,188.69294,27,1771187340000
CHILLGUYUSDT,0.01121,0.0112,0.01122,0.0112,,165.38873,2388.0,26.78603,23,1771187340000
VIRTUALUSDT,0.6257,0.6262,0.6264,0.6257,,9516.63213,11157.9,6985.70976,108,1771187340000
AEROUSDT,0.309,0.309,0.3091,0.3089,,504.71588,1207.3,373.07766,20,1771187340000
SPXUSDT,0.3192,0.3197,0.3197,0.3192,,1303.5679,1811.0,578.4919,37,1771187340000
ORCAUSDT,0.775,0.775,0.775,0.775,,749.1925,609.8,472.595,12,1771187340000
AVAUSDT,0.2176,0.2178,0.2178,0.2176,,49.34244,171.4,37.33092,4,1771187340000
MEUSDT,0.1388,0.139,0.139,0.1388,,3421.4476,16371.1,2274.74088,60,1771187340000
MOVEUSDT,0.02482,0.02467,0.02482,0.02465,,37598.92858,523169.0,12919.35967,488,1771187340000
DEGOUSDT,0.3289,0.329,0.3293,0.3289,,439.4669,1200.4,395.11931,12,1771187340000
RAYSOLUSDT,0.6164,0.6171,0.6171,0.6163,,191.84344,297.6,183.57612,24,1771187340000
KOMAUSDT,0.00785,0.00785,0.00786,0.00785,,206.23368,13193.0,103.69698,19,1771187340000
MOCAUSDT,0.01632,0.01632,0.01632,0.01632,,169.84224,8527.0,139.16064,5,1771187340000
VANAUSDT,1.531,1.534,1.534,1.531,,883.26399,426.01,652.77458,35,1771187340000
PENGUUSDT,0.006946,0.006955,0.006955,0.006945,,15126.377016,1661725.0,11552.18346,188,1771187340000
VELODROMEUSDT,0.01426,0.01427,0.01427,0.01426,,43.91027,3079.0,43.91027,2,1771187340000
LUMIAUSDT,0.06549,0.06554,0.06565,0.06548,,1991.328684,26302.0,1724.456529,67,1771187340000
USUALUSDT,0.01497,0.015,0.015,0.01497,,459.89272,29646.0,444.20797,19,1771187340000
FARTCOINUSDT,0.1956,0.1959,0.196,0.1956,,10260.40202,10108.1,1979.85424,76,1771187340000
AIXBTUSDT,0.02067,0.02067,0.02069,0.02067,,353.27766,10107.0,208.99694,15,1771187340000
KMNOUSDT,0.02985,0.02988,0.02988,0.02984,,379.03048,10924.0,326.30005,11,1771187340000
CGPTUSDT,0.02196,0.02195,0.02199,0.02195,,65.6048,795.0,17.47413,11,1771187340000
HIVEUSDT,0.0722,0.07217,0.0722,0.07217,,3.39334,45.0,3.249,2,1771187340000
DEXEUSDT,2.312,2.312,2.312,2.312,,15.23608,6.59,15.23608,2,1771187340000
PHAUSDT,0.02621,0.02621,0.02621,0.02621,,507.89738,19378.0,507.89738,7,1771187340000
GRIFFAINUSDT,0.00986,0.00985,0.00986,0.00985,,59.32344,533.0,5.25538,4,1771187340000
ZEREBROUSDT,0.00838,0.00837,0.00839,0.00837,,389.65021,11103.0,93.06511,13,1771187340000
BIOUSDT,0.02385,0.02389,0.02389,0.02385,,4039.53695,158278.0,3779.79229,76,1771187340000
COOKIEUSDT,0.01912,0.01913,0.01913,0.01912,,184.23256,9631.0,184.23256,4,1771187340000
ALCHUSDT,0.08329,0.08317,0.08334,0.08313,,11692.78138,93316.0,7765.93167,310,1771187340000
SWARMSUSDT,0.0074,0.0074,0.0074,0.00739,,68.65596,8415.0,62.271,6,1771187340000
SONICUSDT,0.04757,0.04757,0.04757,0.04757,,327.100834,6876.2,327.100834,4,1771187340000
DUSDT,0.00829,0.00827,0.00829,0.00827,,350.79728,1550.0,12.8495,14,1771187340000
SUSDT,0.04866,0.04871,0.04872,0.04866,,1562.16822,30984.0,1508.58722,50,1771187340000
PROMUSDT,1.257,1.258,1.258,1.257,,47.0373,25.5,32.079,8,1771187340000
MELANIAUSDT,0.1187,0.119,0.119,0.1187,,71.641036,352.85,41.92773,6,1771187340000
SOLVUSDT,0.00476,0.00477,0.00477,0.00476,,181.95078,38221.0,181.95078,7,1771187340000
ARCUSDT,0.07779,0.07786,0.07786,0.07778,,1495.19802,16143.0,1256.13807,68,1771187340000
VINEUSDT,0.01898,0.01901,0.01901,0.01898,,1099.20039,45210.0,858.35527,22,1771187340000
AVAAIUSDT,0.00762,0.00763,0.00763,0.00762,,126.79617,15177.0,115.80051,6,1771187340000
TRUMPUSDT,3.382,3.383,3.384,3.382,,42489.23089,12550.21,42445.18637,51,1771187340000
VVVUSDT,4.142,4.155,4.17,4.14,,328066.60636,41638.97,173140.04268,3311,1771187340000
VTHOUSDT,0.0006087,0.0006092,0.0006092,0.0006087,,10.8156442,17761.0,10.8156442,2,1771187340000
TSTUSDT,0.01117,0.01117,0.01118,0.01117,,92.1234,6222.0,69.52649,6,1771187340000
ANIMEUSDT,0.005546,0.005548,0.005549,0.005546,,194.938434,30529.0,169.362126,14,1771187340000
PIPPINUSDT,0.71382,0.71457,0.71462,0.71274,,156283.45114,122875.0,87714.95995,2356,1771187340000
HEIUSDT,0.0859,0.0859,0.0859,0.0859,,7.13829,83.1,7.13829,1,1771187340000
B3USDT,0.0005091,0.0005092,0.0005106,0.0005087,,1428.5460235,2331546.0,1188.7913817,57,1771187340000
BERAUSDT,0.6419,0.6422,0.6424,0.6419,,11414.11509,12746.4,8184.30765,120,1771187340000
LAYERUSDT,0.0879,0.088,0.0881,0.0879,,5906.10528,66939.7,5893.11648,32,1771187340000
KAITOUSDT,0.311,0.3111,0.3113,0.311,,3480.51494,2654.8,826.34935,82,1771187340000
REDUSDT,0.1824,0.1825,0.1825,0.1824,,108.9346,597.0,108.9346,6,1771187340000
SHELLUSDT,0.03188,0.03192,0.03208,0.03187,,8904.60357,200101.0,6406.13739,155,1771187340000
EPICUSDT,0.2893,0.2897,0.2897,0.2893,,114.6319,385.1,111.50746,4,1771187340000
IPUSDT,1.114,1.115,1.116,1.114,,4627.3927,3763.1,4195.869,58,1771187340000
GPSUSDT,0.012086,0.012097,0.012097,0.012081,,5835.022617,185192.0,2239.423829,114,1771187340000
VICUSDT,0.05498,0.05523,0.05527,0.05494,,7564.4466,118843.0,6551.32258,231,1771187340000
BMTUSDT,0.01696,0.01697,0.01697,0.01696,,31.60901,1253.0,21.26341,2,1771187340000
MUBARAKUSDT,0.01801,0.01806,0.01806,0.01801,,4576.65533,240670.0,4340.31246,48,1771187340000
FORMUSDT,0.2153,0.2157,0.2157,0.2153,,537.49128,2356.2,507.76782,19,1771187340000
TUTUSDT,0.01146,0.01146,0.01148,0.01146,,93.38376,7224.0,82.87494,9,1771187340000
BROCCOLI714USDT,0.01425,0.01427,0.01427,0.01425,,936.54311,26581.0,379.17363,18,1771187340000
BROCCOLIF3BUSDT,0.003903,0.003908,0.003909,0.003903,,231.037665,55080.0,215.292963,10,1771187340000
SIRENUSDT,0.14253,0.14273,0.14275,0.14244,,8605.18117,35311.0,5035.64719,404,1771187340000
BANANAS31USDT,0.00484,0.00484,0.004841,0.004837,,359.413406,17920.0,86.707094,71,1771187340000
BRUSDT,0.05597,0.05597,0.05607,0.05591,,188.25425,997.0,55.86445,27,1771187340000
PLUMEUSDT,0.011,0.011,0.011,0.011,,290.84,0.0,0.0,33,1771187340000
NILUSDT,0.05863,0.05908,0.0592,0.05861,,51104.079526,642442.8,37930.307167,922,1771187340000
PARTIUSDT,0.10459,0.1047,0.10472,0.10458,,1105.21014,8762.0,917.01471,55,1771187340000
JELLYJELLYUSDT,0.05535,0.0554,0.0554,0.05534,,266.21254,1728.0,95.70657,56,1771187340000
PAXGUSDT,5027.3,5027.3,5027.31,5027.3,,2679.55474,0.384,1930.48704,19,1771187340000
MAVIAUSDT,0.03745,0.03745,0.0375,0.03744,,472.1871,10611.0,397.44166,15,1771187340000
FUNUSDT,0.001285,0.001285,0.001286,0.001284,,412.515579,4469.0,5.747134,11,1771187340000
WALUSDT,0.0818,0.0818,0.0818,0.0818,,742.0896,9072.0,742.0896,21,1771187340000
MLNUSDT,3.657,3.659,3.659,3.657,,149.81611,39.51,144.51201,7,1771187340000
GUNUSDT,0.02271,0.0227,0.02273,0.02269,,858.16725,22287.0,506.23193,40,1771187340000
FORTHUSDT,1.085,1.086,1.087,1.085,,26.9333,13.4,14.5583,5,1771187340000
ATHUSDT,0.006016,0.00602,0.006022,0.006016,,239.153378,39078.0,235.210278,12,1771187340000
FHEUSDT,0.04252,0.04267,0.04278,0.0425,,5229.38917,84574.0,3608.57305,233,1771187340000
BABYUSDT,0.0138,0.0138,0.01381,0.01379,,1115.48443,46464.0,641.30573,41,1771187340000
WCTUSDT,0.06122,0.06123,0.06127,0.0612,,2636.31751,4493.0,275.22428,57,1771187340000
STOUSDT,0.05376,0.05379,0.0538,0.05375,,172.96948,613.0,32.95696,13,1771187340000
PROMPTUSDT,0.04677,0.04689,0.04689,0.04677,,194.63695,4155.0,194.63695,26,1771187340000
KERNELUSDT,0.0673,0.0673,0.0673,0.0673,,13.1235,195.0,13.1235,2,1771187340000
BANKUSDT,0.04088,0.04088,0.04089,0.04087,,441.18212,4024.0,164.52644,16,1771187340000
INITUSDT,0.10592,0.10603,0.10629,0.10538,,383824.79446,1670587.0,176898.81596,4583,1771187340000
AERGOUSDT,0.05648,0.05653,0.05653,0.05647,,86.62549,1371.0,77.47411,13,1771187340000
SIGNUSDT,0.02694,0.02696,0.02696,0.02694,,126.3812,3848.0,103.71625,21,1771187340000
PUNDIXUSDT,0.1687,0.1688,0.169,0.1687,,996.1008,5613.0,947.4836,10,1771187340000
DEEPUSDT,0.02901,0.0292,0.0292,0.02901,,16254.09941,508882.0,14819.27354,223,1771187340000
HYPERUSDT,0.101,0.1011,0.1011,0.101,,222.513,2203.0,222.513,6,1771187340000
AIOTUSDT,0.03153,0.03157,0.03157,0.03153,,82.88599,2626.0,82.88599,7,1771187340000
JSTUSDT,0.040251,0.040271,0.040287,0.040251,,617.464833,3040.0,122.463025,33,1771187340000
CTKUSDT,0.2129,0.2129,0.213,0.2129,,37.903,130.0,27.6838,4,1771187340000
DOLOUSDT,0.03462,0.03461,0.03462,0.03459,,869.65022,22422.0,775.99316,30,1771187340000
SXTUSDT,0.02165,0.02165,0.02165,0.02165,,19.03035,399.0,8.63835,3,1771187340000
HAEDALUSDT,0.02827,0.02825,0.0283,0.02825,,1265.2327,27753.0,784.75043,32,1771187340000
ASRUSDT,1.443,1.444,1.444,1.442,,465.4291,290.6,419.4293,28,1771187340000
ALPINEUSDT,0.4424,0.4425,0.4425,0.4422,,763.88335,646.7,286.09684,17,1771187340000
B2USDT,0.6916,0.692,0.6924,0.6911,,734.2778,199.0,137.647,30,1771187340000
SYRUPUSDT,0.26273,0.26275,0.2628,0.26263,,2284.68927,4787.0,1257.69543,135,1771187340000
DOODUSDT,0.003688,0.003691,0.003693,0.003688,,244.070208,40641.0,150.045065,13,1771187340000
OGUSDT,3.372,3.374,3.378,3.37,,14554.3117,2024.4,6831.3158,411,1771187340000
ZKJUSDT,0.02443,0.0245,0.0245,0.02443,,128.463026,5233.9,128.14055,19,1771187340000
SKYAIUSDT,0.0374,0.03739,0.0374,0.03739,,46.18829,160.0,5.984,5,1771187340000
NXPCUSDT,0.2669,0.2672,0.2672,0.2669,,266.5536,754.0,201.4054,21,1771187340000
CVCUSDT,0.03372,0.03372,0.03374,0.03371,,48.42089,286.0,9.64808,6,1771187340000
AGTUSDT,0.004057,0.004057,0.00406,0.004056,,311.757405,31021.0,125.869722,16,1771187340000
AWEUSDT,0.09405,0.09397,0.09405,0.09397,,391.77074,270.0,25.39268,34,1771187340000
BUSDT,0.1453,0.1453,0.1454,0.1452,,421.2132,769.0,111.7551,9,1771187340000
AUSDT,0.0843,0.0843,0.0843,0.0843,,91.9713,1091.0,91.9713,2,1771187340000
SOONUSDT,0.1813,0.1815,0.1815,0.1813,,269.9826,1386.0,251.4696,10,1771187340000
HUMAUSDT,0.013855,0.013811,0.013855,0.013808,,5041.604035,147672.0,2040.686355,239,1771187340000
HYPEUSDT,30.485,30.514,30.52,30.485,,64410.53953,1456.62,44436.55162,670,1771187340000
BDXNUSDT,0.01044,0.01045,0.01045,0.01044,,58.90533,5505.0,57.52725,5,1771187340000
SOPHUSDT,0.009487,0.009491,0.009493,0.009487,,174.857195,13978.0,132.669546,20,1771187340000
MERLUSDT,0.05828,0.05824,0.05831,0.05816,,10128.02398,91641.0,5337.18322,319,1771187340000
1000000BOBUSDT,0.01378,0.01377,0.01382,0.01377,,98.64417,4321.0,59.68884,11,1771187340000
HOMEUSDT,0.028122,0.028168,0.028168,0.028121,,2528.764109,43759.0,1231.594676,297,1771187340000
PUMPBTCUSDT,0.01746,0.01747,0.01747,0.01745,,39.85396,1989.0,34.74111,5,1771187340000
PUFFERUSDT,0.03278,0.03267,0.03279,0.03257,,17452.80146,72134.0,2354.95344,204,1771187340000
LAUSDT,0.2052,0.2055,0.2055,0.2052,,873.90436,2997.0,615.50071,44,1771187340000
RESOLVUSDT,0.05913,0.05922,0.05926,0.05911,,4973.3725,77477.0,4586.38206,113,1771187340000
SQDUSDT,0.04203,0.04197,0.04206,0.04191,,4942.05074,35691.0,1498.68612,81,1771187340000
FUSDT,0.006201,0.006204,0.006205,0.006201,,429.93901,48619.0,301.63308,16,1771187340000
TAIKOUSDT,0.124,0.124,0.124,0.124,,43.648,86.0,10.664,4,1771187340000
NEWTUSDT,0.07071,0.07073,0.07073,0.07071,,35.92786,508.0,35.92786,4,1771187340000
HUSDT,0.22999,0.23016,0.23034,0.22973,,21377.00784,60611.0,13943.11093,802,1771187340000
SPKUSDT,0.02162,0.02163,0.02163,0.02162,,58.30336,2461.0,53.22266,8,1771187340000
SAHARAUSDT,0.01584,0.01584,0.01585,0.01584,,270.96345,16801.0,266.25897,14,1771187340000
MYXUSDT,1.894,1.896,1.899,1.894,,8615.504,2624.0,4977.651,171,1771187340000
BULLAUSDT,0.0253,0.02535,0.02535,0.02529,,1440.62134,33117.0,838.68189,93,1771187340000
ICNTUSDT,0.4622,0.4624,0.4632,0.4617,,1040.635,713.0,329.9078,68,1771187340000
OLUSDT,0.01222,0.01223,0.01223,0.01222,,14.60836,546.0,6.67758,2,1771187340000
IDOLUSDT,0.02072,0.02073,0.02073,0.02068,,213.88862,9042.0,187.27179,13,1771187340000
MUSDT,1.3135,1.3128,1.3135,1.3126,,689.2813,101.0,132.6127,21,1771187340000
PUMPUSDT,0.002191,0.00219,0.002193,0.00219,,33783.233675,2855821.0,6258.804709,113,1771187340000
CROSSUSDT,0.1082,0.10829,0.10829,0.10818,,25.32644,94.0,10.17926,4,1771187340000
AINUSDT,0.03425,0.03425,0.03427,0.03423,,77.02659,1337.0,45.80575,5,1771187340000
CUSDT,0.05623,0.05619,0.05625,0.05619,,301.78282,1718.0,96.61462,17,1771187340000
VELVETUSDT,0.08236,0.08233,0.08236,0.08233,,12.10406,7.0,0.57652,3,1771187340000
TACUSDT,0.004202,0.004205,0.004205,0.004198,,118.686744,11093.0,46.609133,14,1771187340000
ERAUSDT,0.1553,0.1553,0.1553,0.1553,,6.8332,44.0,6.8332,1,1771187340000
CVXUSDT,1.885,1.887,1.887,1.885,,26.5969,10.3,19.4301,4,1771187340000
TAUSDT,0.03648,0.03648,0.0365,0.03648,,122.50934,1882.0,68.66486,9,1771187340000
SLPUSDT,0.0006544,0.0006544,0.0006544,0.0006544,,5.2502512,8023.0,5.2502512,1,1771187340000
ZORAUSDT,0.02096,0.02098,0.02098,0.02096,,753.68496,15196.0,318.67905,47,1771187340000
TAGUSDT,0.000389,0.000389,0.000389,0.0003887,,36.2795037,16104.0,6.264456,6,1771187340000
ESPORTSUSDT,0.36948,0.36953,0.36953,0.3693,,41.37998,111.0,41.01068,6,1771187340000
TREEUSDT,0.07306,0.07313,0.07316,0.07306,,1543.64994,18805.0,1375.06327,47,1771187340000
A2ZUSDT,0.000955,0.000955,0.000955,0.000955,,47.871285,0.0,0.0,6,1771187340000
TOWNSUSDT,0.004018,0.004014,0.004019,0.004012,,330.264089,44618.0,179.23144,23,1771187340000
PLAYUSDT,0.02702,0.02691,0.02707,0.02687,,14483.68609,120967.0,3257.97038,369,1771187340000
PROVEUSDT,0.3181,0.3182,0.3183,0.3181,,581.00682,411.4,130.93877,51,1771187340000
NAORISUSDT,0.02782,0.02761,0.02782,0.02759,,8882.46028,124618.0,3446.86064,299,1771187340000
CARVUSDT,0.06405,0.06406,0.06406,0.06404,,48.29393,0.0,0.0,9,1771187340000
ALLUSDT,0.482,0.482,0.482,0.482,,5.302,11.0,5.302,1,1771187340000
INUSDT,0.06475,0.06482,0.06483,0.06474,,516.43218,4182.0,270.98332,25,1771187340000
AIOUSDT,0.08123,0.08135,0.08147,0.08123,,950.13545,8241.0,670.54227,77,1771187340000
XNYUSDT,0.007117,0.007119,0.007124,0.007112,,220.326017,11192.0,79.661914,26,1771187340000
USELESSUSDT,0.04394,0.04408,0.04408,0.04393,,3688.71311,77717.0,3419.25921,109,1771187340000
DAMUSDT,0.01693,0.01692,0.01694,0.01692,,61.91341,2689.0,45.55166,7,1771187340000
WLFIUSDT,0.0999,0.1,0.1001,0.0999,,12616.538,109565.0,10965.1783,86,1771187340000
BTRUSDT,0.21532,0.21447,0.21539,0.21447,,14640.69285,10803.0,2322.17538,543,1771187340000
BASUSDT,0.00544,0.005465,0.005466,0.005429,,3445.155821,603094.0,3292.549206,62,1771187340000
SAPIENUSDT,0.08449,0.08446,0.0845,0.08446,,140.3237,182.0,15.37837,11,1771187340000
HEMIUSDT,0.01002,0.01001,0.01003,0.01,,27203.56809,194788.0,1953.6387,64,1771187340000
XPLUSDT,0.0964,0.0966,0.0966,0.0964,,63788.886,641777.0,61942.262,131,1771187340000
QUSDT,0.020795,0.020801,0.020808,0.020794,,122.077409,5235.0,108.89075,49,1771187340000
SOMIUSDT,0.1937,0.1939,0.1939,0.1937,,847.2752,4148.0,803.8864,37,1771187340000
LINEAUSDT,0.003647,0.003648,0.003648,0.003645,,503.896241,10842.0,39.550068,17,1771187340000
MITOUSDT,0.04274,0.04272,0.04274,0.04272,,275.41312,6272.0,268.06528,5,1771187340000
ARIAUSDT,0.07297,0.07299,0.07311,0.07295,,55.13602,263.0,19.21305,9,1771187340000
TAKEUSDT,0.03505,0.03506,0.03512,0.03503,,6503.88998,73265.0,2570.74276,229,1771187340000
PTBUSDT,0.00138,0.001376,0.001382,0.00137,,16414.349301,5130249.0,7044.337965,226,1771187340000
OPENUSDT,0.162,0.1623,0.1623,0.162,,1452.9901,6951.0,1127.2289,23,1771187340000
FLOCKUSDT,0.06199,0.06202,0.06202,0.06198,,156.76745,481.0,29.82496,9,1771187340000
SKYUSDT,0.06597,0.06597,0.06598,0.06597,,850.08813,3714.0,245.04972,50,1771187340000
AVNTUSDT,0.198,0.1982,0.1983,0.198,,1099.1696,4740.0,939.0588,41,1771187340000
HOLOUSDT,0.0598,0.05983,0.05984,0.0598,,356.89213,4820.0,288.34026,16,1771187340000
ZKCUSDT,0.0963,0.0964,0.0964,0.0962,,1996.2172,20672.0,1990.7338,20,1771187340000
XPINUSDT,0.001682,0.001689,0.00169,0.001682,,214.60307,127331.0,214.559338,50,1771187340000
UBUSDT,0.04734,0.04735,0.04735,0.04734,,22.49008,475.0,22.49008,5,1771187340000
TOSHIUSDT,0.0002197,0.0002207,0.0002209,0.0002197,,13721.00326,50351504.0,11102.2514214,117,1771187340000
STBLUSDT,0.03957,0.03956,0.03957,0.03949,,1891.46484,3664.0,144.9083,40,1771187340000
0GUSDT,0.6382,0.6388,0.6388,0.6382,,2036.5882,2669.0,1704.5173,106,1771187340000
BARDUSDT,0.7865,0.7869,0.7869,0.7865,,125.8626,160.0,125.8626,15,1771187340000
ASTERUSDT,0.7219,0.7219,0.7225,0.7218,,21262.7028,13851.0,10001.5573,327,1771187340000
TRADOORUSDT,1.322,1.322,1.323,1.322,,63.494,38.0,50.274,8,1771187340000
BLESSUSDT,0.005532,0.005535,0.005539,0.005531,,540.60599,1153.0,6.386467,49,1771187340000
FLUIDUSDT,2.26,2.261,2.261,2.26,,47.9242,18.7,42.2742,7,1771187340000
COAIUSDT,0.3867,0.3869,0.3871,0.3862,,3785.3529,5482.0,2120.3661,73,1771187340000
MIRAUSDT,0.0908,0.0908,0.0908,0.0908,,171.612,1890.0,171.612,1,1771187340000
ORDERUSDT,0.05754,0.05756,0.05756,0.05754,,506.69884,8803.0,506.69884,3,1771187340000
HANAUSDT,0.0387,0.03867,0.03871,0.03866,,856.72671,16069.0,621.65515,46,1771187340000
AKEUSDT,0.0002772,0.0002776,0.0002776,0.0002772,,119.8290577,227439.0,63.1021272,15,1771187340000
FFUSDT,0.07857,0.07859,0.07861,0.07857,,1245.17297,8422.0,661.97282,50,1771187340000
VFYUSDT,0.01898,0.01898,0.019,0.01898,,79.72095,1464.0,27.816,6,1771187340000
LIGHTUSDT,0.2317,0.2317,0.2319,0.2313,,6796.4474,3193.0,739.9713,139,1771187340000
XANUSDT,0.00824,0.00823,0.00825,0.00823,,912.34724,37838.0,311.80997,19,1771187340000
TRUTHUSDT,0.014829,0.014829,0.014829,0.014829,,8.660136,584.0,8.660136,1,1771187340000
EVAAUSDT,0.5096,0.5099,0.5101,0.5096,,55.67006,65.2,33.24766,8,1771187340000
2ZUSDT,0.07561,0.07569,0.07569,0.0756,,513.91121,4282.0,323.98979,41,1771187340000
GIGGLEUSDT,31.0,31.02,31.04,31.0,,2483.6545,28.81,893.6681,56,1771187340000
NOMUSDT,0.005289,0.005292,0.005293,0.005289,,606.500039,39386.0,208.40721,47,1771187340000
KGENUSDT,0.16909,0.16921,0.16923,0.16905,,234.73814,1229.0,207.83375,11,1771187340000
EDENUSDT,0.03424,0.03449,0.03451,0.03424,,30782.0724,831064.0,28511.54954,187,1771187340000
LYNUSDT,0.22746,0.22708,0.22748,0.22701,,2342.8845,4072.0,925.36169,177,1771187340000
4USDT,0.00974,0.00974,0.00976,0.00974,,1310.45334,55105.0,537.39405,58,1771187340000
MONUSDT,0.02224,0.0223,0.0223,0.02224,,3071.371,102154.0,2275.78389,101,1771187340000
YBUSDT,0.1728,0.1729,0.1729,0.1728,,127.0115,35.0,6.0515,9,1771187340000
METUSDT,0.2156,0.2158,0.2158,0.2156,,461.213,1794.0,387.0194,23,1771187340000
EULUSDT,1.042,1.042,1.043,1.039,,36345.5341,16688.9,17387.7329,251,1771187340000
ENSOUSDT,1.0574,1.0587,1.0588,1.0572,,1407.08576,946.1,1001.02752,87,1771187340000
CLOUSDT,0.07062,0.06956,0.07063,0.06877,,175488.00447,779855.0,54230.66168,4481,1771187340000
RECALLUSDT,0.0503,0.05026,0.05031,0.05026,,616.85696,1512.0,76.0608,27,1771187340000
ZBTUSDT,0.07032,0.07037,0.07037,0.07032,,91.30517,1298.0,91.30517,13,1771187340000
LABUSDT,0.13245,0.13241,0.13258,0.13241,,229.01157,766.0,101.49751,14,1771187340000
RIVERUSDT,11.893,11.904,11.966,11.883,,207783.0886,8823.0,105198.8391,3315,1771187340000
币安人生USDT,0.10179,0.10197,0.10202,0.10179,,5416.56118,46750.0,4764.91954,133,1771187340000
BLUAIUSDT,0.005471,0.00547,0.005474,0.005467,,89.211028,8176.0,44.728804,12,1771187340000
ONUSDT,0.11427,0.11487,0.11496,0.1142,,4069.09491,25520.0,2926.53361,172,1771187340000
KITEUSDT,0.21505,0.21497,0.21516,0.21462,,26282.51758,50988.0,10960.14689,648,1771187340000
TURTLEUSDT,0.04064,0.04066,0.04067,0.04064,,29.19151,445.0,18.09543,5,1771187340000
ATUSDT,0.1588,0.15881,0.15887,0.15879,,811.66795,2517.0,399.73797,69,1771187340000
APRUSDT,0.09827,0.0983,0.09831,0.09825,,217.90491,1554.0,152.7525,16,1771187340000
CCUSDT,0.16107,0.16099,0.16107,0.16099,,911.77224,357.0,57.48259,24,1771187340000
MMTUSDT,0.1297,0.1298,0.1298,0.1297,,483.86,3730.0,483.86,8,1771187340000
TRUSTUSDT,0.0769,0.0769,0.0769,0.0768,,711.1035,482.0,37.0658,10,1771187340000
UAIUSDT,0.2441,0.2432,0.2442,0.2432,,4025.2541,2060.0,501.2615,62,1771187340000
FOLKSUSDT,1.321,1.321,1.322,1.321,,179.5733,49.4,65.3068,38,1771187340000
STABLEUSDT,0.024702,0.024667,0.024707,0.024655,,6136.964303,45508.0,1123.290311,185,1771187340000
JCTUSDT,0.00171,0.001707,0.001711,0.001706,,1606.007709,191462.0,327.048899,63,1771187340000
ALLOUSDT,0.09164,0.09192,0.09196,0.09157,,5970.57489,48513.0,4452.35497,299,1771187340000
SENTUSDT,0.02159,0.02159,0.02161,0.02158,,7665.1407,172122.0,3717.08869,96,1771187340000
PIEVERSEUSDT,0.4182,0.4189,0.4189,0.4182,,1287.7905,2242.0,938.6018,23,1771187340000
CLANKERUSDT,31.06,31.1,31.1,31.06,,592.6582,7.98,248.0804,33,1771187340000
BEATUSDT,0.2317,0.2322,0.2323,0.2315,,5540.2785,13182.0,3056.7972,137,1771187340000
BOBUSDT,0.006322,0.006322,0.006327,0.006322,,28.925399,3495.0,22.110283,7,1771187340000
IRYSUSDT,0.04264,0.04266,0.04268,0.04263,,496.38305,3414.0,145.63687,34,1771187340000
RLSUSDT,0.005295,0.005293,0.005295,0.005293,,31.49987,0.0,0.0,4,1771187340000
POWERUSDT,0.23161,0.23145,0.23281,0.2302,,54146.69807,115921.0,26838.19103,2525,1771187340000
WETUSDT,0.08079,0.08079,0.08083,0.08079,,52.43813,649.0,52.43813,5,1771187340000
NIGHTUSDT,0.05635,0.05639,0.0564,0.05635,,163.84327,2729.0,153.80585,10,1771187340000
CYSUSDT,0.5028,0.503,0.5031,0.5028,,450.6584,569.0,286.2041,26,1771187340000
USUSDT,0.004181,0.004181,0.004181,0.004181,,24.446307,0.0,0.0,4,1771187340000
RAVEUSDT,0.37205,0.37197,0.37205,0.37188,,362.70054,330.0,122.72844,8,1771187340000
ZKPUSDT,0.10034,0.10048,0.1005,0.10028,,6417.29138,33304.0,3343.90749,221,1771187340000
GUAUSDT,0.14683,0.14695,0.14695,0.14681,,227.47171,508.0,74.61127,11,1771187340000
LITUSDT,1.563,1.563,1.565,1.563,,3273.922,1498.0,2342.3399,32,1771187340000
IRUSDT,0.07837,0.07851,0.07851,0.07832,,598.62532,2627.0,206.02792,22,1771187340000
BREVUSDT,0.1382,0.1383,0.1384,0.1382,,1574.7629,3999.0,553.2706,32,1771187340000
MAGMAUSDT,0.10448,0.1043,0.10448,0.1043,,375.86265,9.0,0.94032,7,1771187340000
COLLECTUSDT,0.07981,0.07986,0.07996,0.07981,,1488.888,12320.0,984.31897,110,1771187340000
ZAMAUSDT,0.01986,0.01984,0.01986,0.01981,,21706.46532,698622.0,13863.97707,350,1771187340000
FRAXUSDT,0.6185,0.62,0.6202,0.6183,,3673.637,5531.0,3425.7796,80,1771187340000
FOGOUSDT,0.02181,0.02185,0.02185,0.0218,,2822.31248,115225.0,2514.82545,56,1771187340000
SPORTFUNUSDT,0.03717,0.03726,0.03726,0.03715,,1404.74819,29664.0,1103.64571,50,1771187340000
我踏马来了USDT,0.027452,0.027519,0.027519,0.027448,,3983.382562,127725.0,3511.597443,144,1771187340000
AIAUSDT,0.11466,0.11476,0.11476,0.11466,,257.36197,1385.0,158.86121,27,1771187340000
ACUUSDT,0.10841,0.1087,0.10875,0.10811,,5189.99086,16658.0,1807.48164,272,1771187340000
ELSAUSDT,0.08069,0.08076,0.08078,0.08069,,609.77516,2497.0,201.60512,21,1771187340000
SKRUSDT,0.020905,0.020915,0.020918,0.020904,,1096.367522,18373.0,384.171533,66,1771187340000
FIGHTUSDT,0.007556,0.007533,0.007558,0.007528,,11902.525499,444226.0,3353.043635,235,1771187340000
SPACEUSDT,0.009128,0.009133,0.009167,0.009118,,97312.319029,4717269.0,43131.329962,1347,1771187340000
BIRBUSDT,0.20019,0.20032,0.20035,0.20015,,1038.39615,3823.0,765.51892,73,1771187340000
GWEIUSDT,0.025278,0.025294,0.025294,0.025258,,1486.061089,32836.0,830.161194,44,1771187340000
MEGAUSDT,0.127,0.12691,0.12703,0.12682,,654.0688,4446.0,564.49649,20,1771187340000
INXUSDT,0.012817,0.012822,0.012837,0.012817,,1965.076499,135679.0,1740.129825,59,1771187340000
TRIAUSDT,0.01751,0.01749,0.01751,0.01743,,10198.24387,139408.0,2434.56419,160,1771187340000
ESPUSDT,0.0533,0.05324,0.05334,0.0532,,7855.60255,36561.0,1947.95924,308,1771187340000
AZTECUSDT,0.02206,0.02207,0.02209,0.02204,,2440.77193,31551.0,696.59053,94,1771187340000
